aX,aY,aZ,gX,gY,gZ
0.109,-0.096,0.964,88.745,-40.100,-130.859
0.066,-0.091,0.946,1.160,1.892,-6.165
0.049,-0.086,0.972,-7.935,1.892,10.986
0.052,-0.092,0.967,-1.099,-1.160,1.343
0.060,-0.087,0.960,-0.977,0.305,0.061
0.063,-0.078,0.968,-1.587,-0.488,0.000
0.062,-0.088,0.973,0.061,-2.136,-0.183
0.056,-0.088,0.978,0.488,-2.747,-0.122
0.060,-0.086,0.971,-0.183,-1.831,0.061
0.063,-0.084,0.959,-0.732,-0.732,-0.183
0.061,-0.082,0.959,-0.488,-1.343,-0.366
0.059,-0.088,0.953,0.427,-1.831,-0.122
0.057,-0.087,0.956,0.244,-1.648,-0.122
0.059,-0.084,0.960,-0.610,-1.221,-0.122
0.062,-0.085,0.960,-0.427,-0.854,-0.183
0.063,-0.085,0.965,-0.183,-0.977,-0.305
0.062,-0.083,0.972,-0.305,-1.221,-0.305
0.062,-0.085,0.969,-0.122,-0.793,-0.183
0.063,-0.082,0.968,-0.305,-0.732,-0.305
0.062,-0.081,0.962,-0.488,-0.671,-0.427
0.060,-0.083,0.959,-0.244,-0.793,-0.122
0.058,-0.085,0.957,0.061,-1.343,-0.366
0.058,-0.085,0.957,-0.183,-1.221,-0.366
0.057,-0.086,0.957,-0.122,-1.465,-0.122
0.058,-0.088,0.959,-0.122,-1.465,-0.061
0.061,-0.087,0.962,-0.305,-1.587,-0.122
0.061,-0.088,0.969,-0.305,-1.831,-0.183
0.062,-0.088,0.967,-0.244,-1.587,-0.122
0.064,-0.086,0.967,-0.244,-1.465,-0.122
0.063,-0.085,0.965,-0.427,-1.282,-0.183
0.062,-0.085,0.963,-0.061,-1.343,-0.305
0.060,-0.086,0.960,-0.122,-1.160,-0.305
0.060,-0.084,0.960,-0.488,-0.977,-0.488
0.059,-0.085,0.959,-0.183,-1.038,-0.427
0.061,-0.084,0.962,-0.366,-1.038,-0.488
0.061,-0.083,0.962,-0.305,-0.977,-0.305
0.061,-0.083,0.964,-0.427,-1.160,-0.305
0.061,-0.085,0.965,-0.366,-1.099,-0.305
0.063,-0.084,0.964,-0.427,-1.099,-0.183
0.063,-0.084,0.965,-0.183,-1.404,-0.366
0.061,-0.086,0.963,-0.183,-1.404,-0.366
0.061,-0.086,0.961,-0.183,-1.526,-0.427
0.060,-0.085,0.961,-0.366,-1.526,-0.183
0.059,-0.086,0.960,-0.305,-1.404,-0.183
0.059,-0.086,0.960,-0.122,-1.465,-0.244
0.060,-0.086,0.962,-0.183,-1.465,-0.244
0.060,-0.086,0.965,-0.244,-1.526,-0.305
0.059,-0.086,0.967,-0.122,-1.343,-0.244
0.060,-0.086,0.966,-0.244,-1.099,-0.366
0.060,-0.086,0.967,-0.183,-1.221,-0.427
0.059,-0.085,0.965,-0.244,-1.160,-0.488
0.060,-0.085,0.965,-0.244,-0.916,-0.244
0.060,-0.083,0.961,-0.305,-0.977,-0.305
0.060,-0.084,0.960,-0.366,-1.160,-0.305
0.060,-0.083,0.959,-0.305,-1.099,-0.183
0.062,-0.085,0.964,-0.427,-1.221,-0.244
0.062,-0.084,0.964,-0.061,-1.160,-0.305
0.063,-0.085,0.965,-0.183,-1.282,-0.183
0.062,-0.086,0.967,-0.183,-1.343,-0.183
0.061,-0.086,0.968,-0.305,-1.587,-0.183
0.061,-0.086,0.966,-0.366,-1.526,-0.183
0.061,-0.085,0.964,-0.244,-1.343,-0.427
0.060,-0.084,0.963,-0.122,-1.160,-0.488
0.059,-0.085,0.962,-0.122,-1.404,-0.305
0.060,-0.084,0.962,-0.305,-1.160,-0.244
0.060,-0.085,0.963,-0.366,-1.160,-0.183
0.060,-0.086,0.965,-0.488,-1.099,-0.305
0.060,-0.086,0.965,-0.244,-1.282,-0.244
0.060,-0.085,0.967,-0.183,-1.221,-0.366
0.061,-0.085,0.967,-0.305,-1.038,-0.183
0.061,-0.086,0.966,-0.122,-1.160,-0.183
0.061,-0.084,0.967,-0.244,-1.099,-0.244
0.061,-0.085,0.964,-0.427,-1.343,-0.122
0.062,-0.085,0.962,-0.061,-1.160,-0.305
0.060,-0.084,0.963,-0.244,-1.221,-0.183
0.060,-0.084,0.962,-0.366,-1.282,-0.122
0.060,-0.084,0.963,-0.427,-1.404,-0.183
0.060,-0.084,0.965,-0.305,-1.282,-0.183
0.062,-0.085,0.968,-0.427,-1.221,-0.122
0.061,-0.084,0.967,-0.305,-1.343,-0.244
0.061,-0.085,0.969,-0.305,-1.282,-0.305
0.060,-0.086,0.968,-0.122,-1.221,-0.305
0.060,-0.086,0.966,-0.122,-1.038,-0.305
0.060,-0.086,0.966,-0.122,-1.038,-0.183
0.061,-0.087,0.965,-0.122,-1.221,-0.183
0.060,-0.086,0.963,-0.305,-1.221,-0.366
0.061,-0.085,0.964,-0.488,-1.160,-0.366
0.061,-0.084,0.966,-0.366,-1.160,-0.305
0.060,-0.085,0.966,-0.183,-1.404,-0.305
0.061,-0.084,0.967,-0.244,-1.221,-0.427
0.062,-0.083,0.968,-0.427,-1.221,-0.305
0.060,-0.084,0.968,-0.244,-1.526,-0.549
0.060,-0.084,0.966,-0.305,-1.404,-0.244
0.062,-0.083,0.966,-0.244,-1.404,-0.183
0.061,-0.083,0.966,-0.244,-1.282,-0.122
0.061,-0.085,0.966,-0.244,-1.526,-0.366
0.061,-0.085,0.964,-0.122,-1.404,-0.427
0.063,-0.086,0.965,-0.183,-1.465,-0.427
0.076,-0.041,0.958,-2.380,-0.732,-0.061
0.087,-0.080,0.969,-0.427,-0.793,-0.427
0.076,-0.073,0.964,1.526,-1.526,-0.916
0.071,-0.059,0.985,-2.136,-1.526,-0.549
0.055,-0.114,0.980,1.770,-1.343,-1.343
0.047,-0.108,0.972,1.770,-1.892,-0.610
0.056,-0.086,0.978,-1.648,-1.465,-0.244
0.060,-0.110,0.966,0.305,-0.916,-0.427
0.057,-0.117,0.978,0.671,-1.160,-0.122
0.065,-0.070,0.965,-2.136,-0.732,0.427
0.071,-0.093,0.965,-0.244,-1.038,-0.061
0.072,-0.096,0.951,0.916,-0.793,-0.427
0.063,-0.078,0.965,-1.587,-1.587,-0.305
0.052,-0.092,0.964,0.305,-1.770,-0.793
0.045,-0.106,0.967,0.610,-1.892,-0.488
0.051,-0.087,0.974,-0.916,-1.343,-0.366
0.058,-0.083,0.970,-0.732,-1.282,-0.671
0.054,-0.084,0.972,0.061,-1.221,-0.488
0.055,-0.079,0.975,-0.977,-1.221,-0.122
0.064,-0.078,0.960,-0.183,-1.038,-0.366
0.065,-0.079,0.970,-0.549,-1.221,-0.305
0.638,0.160,1.023,22.095,-7.141,39.795
0.097,0.120,1.065,-0.854,-2.930,-11.169
0.095,-0.201,0.948,35.217,7.996,-11.230
-0.082,-0.293,0.917,49.011,-4.028,-4.333
-0.147,-0.400,0.998,48.218,-14.893,10.254
-0.120,-0.344,0.982,50.232,-9.277,28.625
-0.334,-0.371,0.861,55.847,-18.677,52.307
-0.281,-0.420,0.875,49.438,-41.260,93.018
-0.052,-0.278,0.919,33.203,-42.847,120.972
-0.056,-0.201,0.929,22.461,-22.278,131.042
0.061,-0.036,1.099,17.578,-10.559,133.728
0.614,0.140,1.466,32.593,-18.005,130.920
0.495,0.114,1.446,87.524,-14.038,92.712
0.200,-0.095,1.516,148.682,0.610,38.818
0.105,0.057,1.576,220.581,21.118,12.268
0.356,-0.170,1.489,299.194,62.744,-27.405
0.900,-1.130,0.277,351.013,141.968,-79.651
-0.521,-0.471,0.295,335.083,175.903,-138.245
-0.071,-1.733,-0.046,276.794,55.054,-47.974
-0.372,-0.946,0.334,273.254,14.954,-17.212
0.071,-1.118,0.766,312.317,-105.530,73.669
-0.033,-0.945,0.790,376.892,-165.649,128.845
-0.178,-0.396,0.851,367.676,-113.770,152.344
-0.018,-0.162,0.704,291.687,-61.707,147.217
0.116,0.824,0.426,218.079,-47.180,114.624
0.133,1.113,0.626,106.689,-92.712,32.654
-0.291,-1.068,0.998,-3.723,-152.344,-56.335
-0.335,-0.220,1.337,-100.586,-114.990,-29.175
0.431,-0.519,1.529,-74.402,-40.161,-6.470
0.116,-1.048,0.869,-20.691,-14.832,-30.579
-0.051,-0.651,0.859,8.911,-34.485,-39.978
-0.111,-0.791,1.009,40.771,-41.870,-30.579
0.105,-0.978,1.060,67.444,-8.545,-16.357
0.091,-1.292,1.149,82.336,18.494,-6.104
-0.119,-1.429,0.868,65.857,47.546,18.738
-0.075,-1.012,0.811,26.306,69.092,69.275
-0.207,-0.882,0.770,11.902,88.806,86.426
-0.332,-0.748,0.728,7.568,106.506,89.966
-0.267,-0.807,0.708,17.273,120.056,83.313
0.046,-0.881,0.665,24.719,114.014,67.871
0.099,-0.870,0.642,-1.404,91.431,39.795
0.094,-0.995,0.689,-36.255,69.641,20.325
0.172,-1.047,0.679,-64.575,61.523,7.812
0.168,-1.088,0.614,-77.393,54.443,-7.690
0.069,-1.287,0.431,-71.106,47.241,-19.714
0.333,-1.434,0.151,-39.001,33.630,-27.283
0.214,-1.412,0.470,-56.946,18.982,-21.912
-0.039,-1.421,0.381,-99.792,25.269,-8.911
0.200,-1.035,0.479,-123.352,16.907,7.935
0.292,-0.959,0.573,-128.052,2.930,8.728
-0.055,-0.982,0.611,-111.267,-12.024,12.573
0.163,-0.918,0.635,-97.046,2.563,29.907
0.256,-0.849,0.505,-91.064,13.489,39.612
0.299,-0.897,0.480,-79.651,-10.986,39.856
0.280,-1.022,0.467,-58.838,-40.527,38.330
0.291,-0.989,0.365,-40.283,-58.655,37.354
0.251,-0.829,0.467,-18.433,-72.937,30.029
0.220,-0.846,0.511,7.263,-71.594,15.442
0.257,-0.917,0.523,16.602,-55.237,4.944
0.271,-1.046,0.402,10.254,-49.622,-0.732
0.297,-1.160,0.339,1.221,-65.063,-2.319
0.398,-1.289,0.359,-7.690,-84.900,0.610
0.409,-1.257,0.474,-17.700,-102.844,13.550
0.359,-1.090,0.635,-27.100,-109.070,35.583
0.269,-0.934,0.623,-33.813,-92.346,56.519
0.200,-0.832,0.576,-38.635,-65.552,73.181
0.135,-0.675,0.516,-37.354,-44.861,84.290
0.076,-0.510,0.495,-30.334,-33.691,89.050
0.039,-0.360,0.510,-26.489,-31.433,89.417
-0.006,-0.232,0.551,-27.039,-35.706,87.158
-0.097,-0.118,0.576,-29.907,-42.053,79.041
-0.150,-0.004,0.615,-27.527,-46.143,66.650
-0.184,0.040,0.671,-20.630,-50.171,51.453
-0.189,-0.006,0.743,-16.174,-55.725,36.560
-0.149,-0.078,0.828,-16.602,-61.401,24.231
-0.108,-0.143,0.934,-18.799,-64.575,16.724
-0.023,-0.170,1.026,-21.545,-58.960,16.968
-0.052,-0.192,1.031,-24.902,-52.307,26.245
-0.093,-0.198,1.029,-26.306,-38.452,40.344
-0.036,-0.132,1.043,-24.353,-23.376,50.110
-0.144,-0.082,1.052,-21.545,-17.883,59.631
-0.125,-0.033,1.042,-25.391,-7.385,67.139
-0.171,-0.022,1.000,-29.236,-5.127,65.857
-0.182,-0.032,0.981,-31.311,-7.935,52.795
-0.129,-0.055,0.955,-31.250,-12.817,33.813
-0.050,-0.108,0.947,-31.189,-19.409,17.029
0.002,-0.160,0.954,-30.945,-26.794,4.822
0.051,-0.218,0.977,-29.175,-31.128,-1.099
0.071,-0.273,0.991,-26.978,-30.273,0.732
0.077,-0.314,0.989,-25.269,-25.024,7.324
0.068,-0.324,0.987,-23.926,-17.212,15.259
0.041,-0.324,0.974,-22.766,-8.545,23.132
0.019,-0.328,0.957,-20.020,-0.427,27.283
0.014,-0.322,0.948,-16.907,3.479,25.024
0.017,-0.323,0.931,-16.663,2.014,18.860
0.033,-0.330,0.908,-17.822,-4.028,11.292
0.047,-0.336,0.901,-18.005,-9.521,3.784
0.074,-0.354,0.887,-16.052,-12.268,-0.793
0.101,-0.376,0.891,-12.695,-14.343,-0.916
0.122,-0.391,0.908,-9.155,-15.015,3.113
0.122,-0.394,0.926,-6.531,-13.794,10.376
0.096,-0.385,0.920,-5.249,-11.780,17.639
0.074,-0.369,0.906,-4.456,-9.216,22.095
0.070,-0.355,0.906,-4.761,-8.484,22.400
0.066,-0.342,0.910,-4.089,-9.827,20.142
0.065,-0.331,0.925,-1.770,-10.254,17.029
0.055,-0.327,0.946,2.075,-11.108,14.526
0.049,-0.316,0.961,6.348,-11.963,12.024
0.057,-0.291,0.987,10.498,-12.634,9.460
0.081,-0.264,1.008,12.634,-13.123,8.545
0.107,-0.227,1.032,12.146,-14.404,9.705
0.131,-0.186,1.059,10.132,-17.273,12.878
0.140,-0.143,1.101,8.728,-20.142,17.395
0.133,-0.087,1.193,9.888,-21.973,21.545
0.120,-0.005,1.353,12.085,-24.231,26.550
0.081,0.135,1.618,16.785,-28.076,35.339
0.040,0.372,1.950,25.635,-26.367,49.866
0.041,0.719,2.258,36.865,-11.780,71.411
0.023,1.166,2.548,50.598,13.611,101.685
-0.337,2.195,3.134,91.309,75.134,174.133
-0.655,2.707,3.394,95.276,97.717,198.975
-1.131,3.222,3.474,62.683,108.765,201.416
-1.619,3.682,3.327,-4.517,94.360,164.307
-2.063,3.919,3.037,-79.895,61.157,75.500
-2.584,3.891,2.629,-120.789,27.039,-56.396
-2.816,3.175,2.064,-110.168,20.264,-208.740
-2.604,1.642,1.210,-76.538,32.532,-346.924
-1.906,-0.350,0.303,-60.181,19.897,-431.396
-0.890,-2.117,-0.540,-67.383,-37.231,-421.753
-0.477,-3.402,-1.132,-58.167,-98.572,-300.842
-0.768,-4.000,-1.608,-5.920,-99.487,-122.375
-1.523,-3.622,-1.522,43.945,-75.745,5.127
-1.944,-3.138,-1.539,95.337,2.808,-28.503
-0.978,-3.935,-2.207,128.906,94.482,-244.141
1.255,-4.000,-2.719,107.971,53.223,-516.785
3.158,-4.000,-2.405,109.253,-74.768,-654.419
4.000,-4.000,-1.536,180.115,-147.278,-563.538
4.000,-4.000,-0.885,192.749,-122.314,-303.833
3.594,-4.000,-0.582,109.009,-73.547,5.981
1.245,-4.000,-0.679,3.479,-36.438,260.437
-0.708,-3.225,-0.995,-73.425,-9.827,390.808
-1.728,-2.191,-1.259,-104.309,-8.728,397.949
-1.991,-1.712,-1.253,-77.148,-43.335,322.876
-1.888,-1.648,-0.979,-33.813,-102.600,220.032
-1.796,-1.635,-0.558,-19.836,-156.921,138.489
-1.838,-1.553,-0.150,-21.790,-181.946,95.642
-1.845,-1.404,0.133,-15.503,-162.842,81.482
-1.776,-1.167,0.395,-0.122,-121.765,79.102
-1.684,-0.862,0.665,13.062,-91.370,76.233
-1.587,-0.522,0.897,18.494,-67.932,65.491
-1.404,-0.256,0.975,21.606,-36.743,45.349
-1.135,-0.127,0.973,12.451,-12.573,19.104
-1.010,-0.021,1.004,-10.315,-18.555,-9.277
-0.911,0.032,1.060,-32.715,-28.503,-37.354
-0.764,0.005,1.073,-37.109,-22.949,-56.702
-0.649,-0.003,1.199,-17.761,-8.179,-58.533
-0.455,0.081,1.325,14.526,16.846,-43.701
-0.175,0.213,1.343,43.518,48.889,-23.132
0.115,0.357,1.383,54.260,67.871,-6.470
0.371,0.467,1.382,42.542,60.425,4.639
0.536,0.582,1.460,15.320,30.701,14.160
0.602,0.718,1.602,0.244,2.747,31.677
0.525,0.856,1.788,10.925,-8.484,68.726
0.265,1.020,1.948,46.387,-4.150,124.023
-0.188,1.201,2.089,91.919,9.766,177.795
-0.752,1.368,2.306,130.859,21.484,206.238
-1.117,1.423,2.392,139.160,33.630,185.425
-1.209,1.273,2.304,97.046,39.185,109.314
-1.051,0.856,2.045,25.208,20.447,0.061
-0.772,0.293,1.778,-35.645,-2.075,-95.520
-0.282,-0.343,1.561,-69.458,-10.559,-151.978
-0.144,-0.763,1.224,-84.351,-18.677,-162.048
0.243,-1.020,0.993,-56.274,8.484,-143.127
0.334,-1.238,0.781,-21.423,33.997,-103.699
0.340,-1.288,0.589,-8.057,37.903,-67.566
0.364,-1.276,0.466,-15.076,35.400,-50.842
0.365,-1.270,0.437,-26.428,20.813,-45.288
0.327,-1.220,0.377,-34.424,3.601,-38.391
0.305,-1.123,0.363,-31.799,-2.441,-26.611
0.299,-0.976,0.452,-12.573,-2.136,-10.498
0.182,-0.813,0.535,9.888,0.061,9.827
0.100,-0.682,0.625,22.583,2.625,27.954
0.014,-0.595,0.690,26.123,2.502,36.072
-0.054,-0.536,0.774,23.437,-2.258,36.438
-0.113,-0.533,0.862,14.404,-11.108,34.424
-0.172,-0.523,0.885,5.920,-13.367,31.677
-0.238,-0.516,0.885,-0.244,-11.414,28.259
-0.262,-0.500,0.882,-4.578,-10.376,23.560
-0.286,-0.498,0.866,-6.165,-10.315,17.456
-0.271,-0.494,0.851,-4.700,-8.667,10.315
-0.234,-0.491,0.853,-0.854,-6.836,2.991
-0.179,-0.504,0.853,1.038,-4.639,-1.770
-0.131,-0.526,0.851,-1.160,-3.540,-3.845
-0.102,-0.549,0.817,-5.005,-1.892,-4.211
-0.082,-0.589,0.780,-7.202,0.488,-2.563
-0.066,-0.616,0.765,-6.592,2.502,-0.366
-0.050,-0.620,0.762,-3.845,4.517,1.709
-0.053,-0.605,0.744,-1.709,6.958,3.784
-0.038,-0.576,0.725,-1.160,9.705,3.540
-0.029,-0.541,0.720,1.038,9.338,1.465
-0.040,-0.535,0.719,4.395,7.080,-0.488
-0.037,-0.565,0.730,7.996,4.089,-2.319
-0.020,-0.606,0.777,11.719,0.671,-3.540
-0.012,-0.650,0.816,13.977,-0.732,-3.540
-0.007,-0.685,0.839,12.756,-0.427,-2.808
-0.009,-0.694,0.854,8.545,-0.244,-2.808
-0.030,-0.688,0.862,3.357,0.061,-2.502
-0.055,-0.673,0.861,-0.244,1.282,-1.831
-0.076,-0.656,0.856,-1.770,2.869,-0.854
-0.095,-0.660,0.831,-2.197,4.456,-0.183
-0.096,-0.672,0.821,-1.099,5.127,-1.526
-0.064,-0.682,0.820,1.526,6.348,-3.296
-0.023,-0.681,0.822,2.747,7.324,-3.540
-0.010,-0.663,0.831,1.648,7.019,-1.648
-0.013,-0.636,0.820,-1.648,7.019,1.404
-0.016,-0.615,0.785,-6.775,7.568,3.967
-0.020,-0.594,0.746,-12.268,6.165,4.883
-0.038,-0.577,0.711,-15.137,3.479,5.981
-0.072,-0.559,0.667,-13.977,1.953,6.531
-0.076,-0.540,0.647,-9.033,1.038,4.089
-0.069,-0.536,0.669,-1.465,-0.427,-0.305
-0.040,-0.550,0.703,5.005,-2.258,-4.333
-0.020,-0.575,0.730,7.263,-4.761,-6.775
-0.016,-0.612,0.754,6.653,-7.324,-6.531
-0.028,-0.634,0.794,5.493,-8.179,-4.333
-0.041,-0.629,0.828,4.578,-6.897,-1.465
-0.080,-0.620,0.823,2.625,-4.578,1.831
-0.114,-0.617,0.823,1.526,-3.540,3.113
-0.136,-0.619,0.832,2.441,-3.357,1.282
-0.135,-0.628,0.842,2.380,-3.174,-2.747
-0.115,-0.636,0.850,1.465,-2.686,-7.812
-0.083,-0.657,0.851,0.732,-2.380,-11.597
-0.059,-0.675,0.859,0.549,-2.319,-12.024
-0.050,-0.684,0.865,0.000,-1.465,-9.766
-0.043,-0.680,0.860,-1.648,0.732,-6.348
-0.054,-0.675,0.838,-4.395,2.441,-3.052
-0.057,-0.682,0.812,-8.667,3.357,-1.953
-0.040,-0.673,0.801,-12.756,2.930,-2.625
0.203,1.033,3.089,134.460,27.527,-22.339
0.297,1.422,3.663,170.898,60.059,2.441
0.302,1.764,4.000,200.806,106.812,37.781
0.169,2.015,4.000,207.947,154.236,71.106
-0.222,2.047,4.000,171.570,189.026,92.590
-0.704,1.820,4.000,64.819,204.468,90.210
-1.210,1.509,3.521,-101.868,191.101,55.969
-1.623,1.301,2.084,-287.354,156.189,2.258
-1.974,1.156,0.234,-434.937,99.121,-60.669
-2.232,0.910,-1.366,-498.535,-1.709,-137.695
-2.464,0.353,-2.588,-446.899,-124.817,-219.482
-2.825,-1.043,-3.504,-261.719,-182.007,-269.226
-3.011,-2.933,-3.853,23.743,-152.527,-271.729
-2.940,-4.000,-3.463,265.869,-111.816,-315.063
-2.271,-4.000,-2.547,331.726,-131.104,-430.603
-0.774,-4.000,-1.239,261.047,-188.171,-546.997
1.224,-4.000,0.018,213.135,-187.317,-545.349
3.535,-4.000,0.490,208.496,-80.322,-352.661
3.630,-4.000,0.069,140.625,44.312,-30.334
1.521,-4.000,-1.018,-0.427,119.080,298.706
-1.218,-3.869,-2.188,-120.667,140.503,508.423
-2.742,-2.159,-2.720,-184.875,109.009,528.137
-2.751,-1.451,-2.516,-168.640,12.268,389.587
-2.381,-1.596,-1.677,-121.216,-115.234,209.106
-2.017,-1.822,-0.836,-107.971,-187.561,92.407
-1.755,-1.763,-0.417,-113.586,-170.410,64.941
-1.488,-1.453,-0.242,-107.666,-114.807,90.820
-1.465,-0.851,0.083,-94.727,-83.679,137.695
-1.657,-0.164,0.515,-74.585,-67.688,185.852
-1.686,0.422,0.804,-48.340,-36.438,205.872
-1.579,0.788,1.025,-27.100,-14.099,186.035
-1.449,0.950,1.264,-16.357,-12.207,142.151
-1.288,0.991,1.471,-7.996,-5.188,98.267
-1.034,1.038,1.648,5.432,20.813,61.157
-0.649,1.001,1.742,22.522,49.805,34.058
-0.341,0.911,1.830,32.104,59.204,25.391
-0.094,0.922,1.977,28.687,51.697,34.668
0.034,1.075,2.082,15.625,42.664,50.476
0.088,1.270,2.045,2.563,41.443,69.458
0.092,1.410,1.955,-7.568,41.626,81.909
-0.024,1.547,1.931,-13.733,35.095,76.111
-0.182,1.617,1.813,-14.587,32.898,57.495
-0.326,1.525,1.601,-9.644,36.377,29.968
-0.365,1.270,1.422,-0.122,32.349,-12.634
-0.341,0.869,1.291,7.751,17.822,-65.002
-0.193,0.332,1.119,7.996,5.127,-112.061
0.057,-0.244,0.979,2.563,-5.371,-143.494
0.249,-0.751,0.875,-2.625,-16.113,-155.029
0.404,-1.124,0.770,-4.333,-13.428,-144.409
0.517,-1.339,0.636,2.441,-2.258,-113.281
0.535,-1.422,0.524,17.029,5.920,-69.397
0.425,-1.388,0.503,31.128,6.348,-30.090
0.281,-1.285,0.555,36.804,2.441,-9.644
0.136,-1.182,0.582,30.151,0.732,-1.099
0.118,-1.058,0.651,18.677,-4.883,-1.770
0.044,-0.952,0.712,11.169,-15.869,-1.282
-0.001,-0.837,0.771,9.949,-20.630,4.456
-0.078,-0.743,0.801,13.855,-20.508,15.381
-0.174,-0.693,0.818,18.433,-20.569,24.963
-0.233,-0.661,0.876,21.301,-21.606,28.015
-0.259,-0.632,0.958,20.142,-23.132,25.024
-0.267,-0.612,1.008,11.963,-21.912,20.447
-0.264,-0.572,1.029,-0.610,-18.799,15.320
-0.279,-0.512,1.001,-10.864,-15.137,10.742
-0.318,-0.512,0.924,-15.991,-12.939,9.033
-0.298,-0.527,0.878,-16.357,-10.315,6.897
-0.257,-0.536,0.856,-11.963,-8.057,3.967
-0.199,-0.546,0.853,-8.423,-6.714,2.319
-0.159,-0.544,0.840,-6.775,-5.432,1.709
-0.130,-0.550,0.818,-6.287,-4.028,2.747
-0.134,-0.573,0.785,-7.996,-3.845,4.639
-0.161,-0.574,0.760,-8.362,-3.418,5.676
-0.177,-0.563,0.737,-4.883,-0.854,5.615
-0.175,-0.586,0.724,-2.258,1.282,3.967
-0.143,-0.615,0.722,-1.709,0.793,1.099
-0.093,-0.608,0.734,-3.540,0.488,-1.587
-0.043,-0.572,0.728,-5.432,1.587,-1.343
-0.011,-0.537,0.713,-5.554,2.930,2.686
-0.023,-0.518,0.708,-3.967,1.221,8.911
-0.061,-0.517,0.729,-0.610,-1.770,15.137
-0.120,-0.498,0.772,4.272,-3.174,19.836
-0.178,-0.472,0.830,7.202,-3.662,20.752
-0.212,-0.436,0.895,7.019,-3.723,16.968
-0.244,-0.413,0.938,4.333,-2.869,10.315
-0.265,-0.409,0.941,0.305,-0.610,2.625
-0.254,-0.434,0.937,-2.502,0.244,-4.944
-0.212,-0.484,0.920,-4.456,0.488,-11.841
-0.187,-0.547,0.874,-6.775,1.099,-15.625
-0.166,-0.610,0.834,-7.996,1.587,-16.724
-0.135,-0.658,0.830,-7.751,1.404,-17.334
-0.092,-0.691,0.834,-9.888,1.709,-17.395
-0.063,-0.697,0.835,-13.489,2.808,-16.418
-0.049,-0.679,0.808,-16.602,4.272,-12.268
-0.063,-0.660,0.748,-18.005,5.981,-6.470
-0.082,-0.649,0.698,-15.747,5.981,-2.625
-0.079,-0.637,0.687,-9.277,4.272,-0.671
-0.069,-0.621,0.698,-0.305,2.808,2.136
-0.092,-0.611,0.721,6.470,0.549,4.822
-0.114,-0.591,0.745,8.301,-1.526,4.211
-0.120,-0.598,0.737,4.333,-3.235,0.427
-0.093,-0.593,0.741,-2.808,-6.042,-3.662
-0.077,-0.584,0.750,-6.836,-8.484,-5.554
-0.072,-0.578,0.754,-6.653,-7.874,-3.906
-0.093,-0.580,0.741,-3.845,-6.470,0.000
-0.117,-0.577,0.751,0.610,-5.493,3.784
-0.133,-0.560,0.766,5.493,-4.822,5.066
-0.154,-0.562,0.775,8.423,-4.578,4.456
-0.170,-0.578,0.771,6.775,-5.676,1.526
-0.171,-0.589,0.791,3.601,-8.118,-2.869
-0.180,-0.619,0.796,3.357,-8.911,-5.188
-0.188,-0.653,0.809,5.005,-8.545,-4.578
-0.193,-0.669,0.836,7.446,-8.240,-3.235
-0.200,-0.680,0.853,8.911,-6.409,-1.831
-0.203,-0.674,0.879,7.385,-3.967,-0.610
-0.211,-0.672,0.883,3.540,-1.648,-0.488
-0.215,-0.678,0.862,-2.563,0.610,-1.282
-0.198,-0.674,0.844,-8.179,2.075,-2.441
-0.180,-0.652,0.828,-10.437,3.784,-2.747
-0.175,-0.620,0.798,-10.742,5.554,-1.343
0.551,0.927,2.485,88.623,2.747,68.481
0.727,1.329,3.124,132.629,19.348,105.042
0.694,1.558,3.841,183.533,46.570,163.452
0.405,1.626,4.000,208.435,80.627,233.704
-0.228,1.510,4.000,165.283,114.197,291.016
-0.796,1.332,4.000,42.542,138.367,315.491
-1.394,1.125,4.000,-130.981,135.010,319.153
-2.190,1.037,3.132,-316.528,107.178,329.468
-2.816,1.061,1.744,-485.474,80.017,315.552
-3.108,1.062,0.454,-573.853,48.096,232.605
-3.016,0.646,-0.717,-571.655,2.380,101.196
-2.728,0.193,-1.888,-484.497,-48.340,-51.086
-2.790,-0.657,-2.381,-268.066,-70.129,-198.059
-2.439,-2.534,-2.430,60.059,-27.405,-335.144
-1.506,-4.000,-2.635,283.630,35.461,-481.934
-0.471,-4.000,-2.472,300.720,26.184,-596.313
0.609,-4.000,-1.835,245.544,-46.814,-623.108
1.916,-4.000,-1.089,239.624,-65.735,-544.067
3.029,-4.000,-0.299,272.278,-38.513,-400.818
3.726,-4.000,0.414,284.912,-25.635,-221.863
3.324,-4.000,0.474,191.284,10.986,-42.419
2.220,-4.000,-0.067,45.349,67.566,143.494
0.740,-3.884,-0.669,-48.584,102.539,301.758
-0.440,-2.955,-1.079,-100.586,91.248,368.835
-0.957,-2.367,-1.267,-125.122,26.367,336.121
-1.070,-2.237,-1.236,-109.497,-55.847,248.169
-1.003,-2.231,-1.109,-75.195,-123.169,158.264
-0.931,-2.214,-0.924,-46.997,-154.175,96.069
-0.830,-2.180,-0.748,-19.348,-152.405,62.805
-0.789,-2.004,-0.467,2.014,-147.034,54.871
-0.864,-1.400,0.053,-1.831,-155.884,72.571
-1.025,-0.690,0.547,-26.672,-170.166,100.098
-1.271,0.016,0.943,-45.959,-150.024,127.747
-1.328,0.673,1.166,-41.809,-100.037,148.499
-1.269,1.120,1.310,-9.705,-42.419,158.508
-1.160,1.312,1.466,31.799,-6.226,144.592
-0.950,1.362,1.615,58.960,7.751,98.938
-0.653,1.376,1.807,61.707,5.676,43.579
-0.429,1.417,2.017,50.659,-6.104,13.428
-0.383,1.446,2.158,38.696,-15.442,15.747
-0.485,1.492,2.251,33.508,-13.245,29.785
-0.641,1.542,2.154,32.471,6.042,38.452
-0.754,1.421,1.882,29.358,31.372,26.917
-0.661,1.150,1.625,23.804,39.246,-13.794
-0.507,0.755,1.450,13.367,22.705,-73.425
-0.238,0.271,1.352,-4.761,-3.601,-134.949
0.126,-0.252,1.238,-21.179,-23.865,-180.725
0.379,-0.801,1.107,-30.762,-41.382,-197.632
0.576,-1.286,0.941,-30.823,-43.518,-175.537
0.668,-1.690,0.771,-12.756,-23.987,-137.756
0.861,-1.883,0.739,16.296,0.427,-87.708
0.956,-1.749,0.856,34.302,17.700,-31.494
0.772,-1.415,0.872,31.311,27.100,25.513
0.558,-0.986,0.793,17.334,33.508,75.562
0.342,-0.490,0.748,7.568,34.607,104.553
0.108,-0.103,0.716,4.883,27.710,112.366
-0.122,0.101,0.709,7.263,14.771,102.112
-0.209,0.132,0.797,15.564,-2.747,71.899
-0.289,-0.021,0.933,25.513,-20.081,31.677
-0.248,-0.240,1.065,27.832,-29.175,-4.517
-0.135,-0.442,1.146,23.865,-30.762,-23.682
-0.071,-0.621,1.160,17.822,-28.320,-26.917
-0.085,-0.737,1.161,14.282,-21.606,-16.907
-0.106,-0.799,1.106,11.108,-13.611,0.122
-0.139,-0.845,1.017,2.380,-8.057,12.817
-0.149,-0.818,0.903,-11.963,-1.892,11.841
-0.099,-0.761,0.794,-25.574,-0.061,3.052
-0.046,-0.693,0.725,-32.043,-2.563,-5.127
-0.029,-0.629,0.657,-28.748,-2.319,-8.728
-0.009,-0.596,0.592,-18.372,1.770,-9.094
-0.002,-0.572,0.611,-6.348,2.502,-9.338
-0.001,-0.549,0.633,2.686,2.686,-11.536
0.002,-0.545,0.621,4.150,3.418,-15.076
0.040,-0.583,0.620,2.747,0.671,-19.531
0.105,-0.643,0.628,0.854,-5.066,-21.179
0.137,-0.691,0.670,-1.404,-9.949,-16.418
0.138,-0.672,0.723,0.549,-10.986,-4.822
0.079,-0.593,0.757,6.409,-7.996,10.742
-0.023,-0.484,0.777,12.085,-3.601,23.865
-0.123,-0.394,0.826,17.334,-0.977,27.832
-0.196,-0.357,0.851,20.020,0.366,21.729
-0.196,-0.360,0.848,14.954,1.160,6.042
-0.153,-0.415,0.849,7.202,-1.953,-13.611
-0.081,-0.505,0.867,3.540,-5.432,-28.503
-0.011,-0.576,0.907,5.310,-6.714,-33.203
0.012,-0.629,0.923,8.972,-4.578,-28.320
0.001,-0.671,0.884,10.498,0.061,-18.616
-0.009,-0.706,0.850,9.460,3.418,-11.169
0.001,-0.748,0.828,5.920,5.066,-8.911
0.052,-0.766,0.811,-1.587,5.249,-9.644
0.091,-0.747,0.789,-11.475,3.845,-9.338
0.087,-0.705,0.733,-17.822,4.150,-5.615
0.082,-0.660,0.680,-16.846,6.104,-0.488
0.075,-0.608,0.664,-9.583,5.798,3.906
0.052,-0.572,0.653,-0.977,4.028,7.385
0.024,-0.559,0.666,7.568,2.625,7.446
0.027,-0.555,0.711,15.320,2.014,5.066
0.051,-0.556,0.768,18.311,1.160,1.526
0.048,-0.559,0.809,14.709,-1.343,-0.671
0.011,-0.574,0.827,8.118,-3.418,-0.488
-0.022,-0.604,0.819,2.625,-4.028,0.366
-0.031,-0.627,0.811,-0.183,-3.784,0.366
-0.057,-0.655,0.769,-1.160,-3.723,0.427
-0.068,-0.677,0.728,-1.221,-3.845,-0.732
-0.036,-0.675,0.739,3.235,-4.639,-4.395
-0.012,-0.676,0.763,9.399,-4.333,-6.897
-0.003,-0.691,0.781,12.817,-3.174,-6.409
0.006,-0.689,0.826,13.123,-2.075,-5.981
-0.004,-0.667,0.854,11.230,-0.793,-4.639
-0.032,-0.665,0.826,5.920,2.136,-2.502
-0.048,-0.656,0.802,-0.366,3.662,-2.197
-0.050,-0.651,0.790,-5.066,2.930,-3.784
-0.046,-0.672,0.757,-7.629,2.258,-4.944
-0.035,-0.685,0.724,-7.996,2.319,-6.348
-0.020,-0.688,0.707,-5.554,2.075,-8.362
-0.007,-0.691,0.699,-1.770,0.610,-9.949
0.002,-0.706,0.718,2.319,-0.549,-11.414
0.020,-0.717,0.756,6.042,-0.793,-11.780
0.028,-0.736,0.795,7.874,-0.488,-9.705
0.477,1.103,2.379,16.968,18.005,152.710
0.453,1.560,2.929,49.255,32.898,210.510
0.225,1.869,3.462,76.904,52.002,283.752
-0.211,2.028,3.914,72.754,68.054,344.849
-0.721,2.059,4.000,1.831,63.660,369.690
-1.164,2.002,3.691,-152.161,19.714,340.881
-1.523,1.855,2.965,-353.210,-64.026,273.804
-1.859,1.656,1.974,-529.053,-170.166,199.951
-2.204,1.735,0.975,-628.174,-261.230,139.099
-2.505,1.919,0.267,-616.272,-303.284,79.407
-2.854,1.919,-0.048,-473.389,-291.504,-2.075
-2.939,1.437,-0.129,-235.168,-226.257,-123.718
-2.547,-0.357,-0.560,20.447,-124.451,-265.320
-1.916,-3.403,-0.859,225.708,-44.067,-403.625
-0.669,-4.000,-0.983,340.332,-10.742,-529.297
0.654,-4.000,-0.604,333.496,-31.433,-578.247
1.998,-4.000,0.332,283.936,-82.214,-540.466
3.493,-4.000,1.351,257.507,-71.228,-471.741
4.000,-4.000,1.608,220.154,42.236,-345.276
4.000,-4.000,0.758,134.644,190.796,-126.526
3.605,-4.000,-0.568,15.381,279.663,124.146
1.809,-3.567,-1.574,-71.350,281.494,310.669
0.445,-2.431,-1.909,-104.187,203.430,381.042
-0.325,-1.924,-1.845,-82.825,73.242,351.013
-0.832,-1.815,-1.449,-25.513,-62.256,266.052
-1.108,-1.892,-0.833,31.982,-167.053,170.654
-1.231,-2.021,-0.277,71.899,-217.224,91.553
-1.302,-2.141,0.083,101.440,-203.003,37.964
-1.264,-2.280,0.195,133.118,-151.062,1.892
-1.155,-2.413,0.239,154.175,-103.455,-16.357
-1.056,-2.340,0.498,149.292,-87.646,-16.785
-1.073,-1.902,0.834,117.554,-98.572,-8.301
-1.148,-1.354,1.037,77.087,-89.844,-7.996
-1.183,-0.890,0.924,60.059,-39.978,-14.771
-1.168,-0.550,0.583,86.731,26.001,-25.696
-1.113,-0.270,0.256,150.940,77.026,-44.556
-0.991,-0.156,0.124,221.863,92.041,-84.717
-0.745,-0.154,0.303,265.442,74.707,-149.902
-0.229,-0.156,0.757,270.081,35.767,-207.214
0.500,-0.048,1.521,246.582,-21.179,-222.107
1.013,0.165,2.198,208.069,-71.167,-184.448
1.345,0.374,2.731,173.767,-89.539,-103.821
1.440,0.594,3.160,156.616,-86.121,14.160
1.073,0.841,3.599,161.499,-67.383,150.757
0.211,1.031,3.930,173.523,-35.156,285.278
-0.961,1.367,4.000,163.757,-0.671,385.803
-2.154,1.863,3.961,117.310,30.273,407.471
-2.728,2.175,3.428,29.602,57.739,307.068
-2.487,1.793,2.603,-65.125,76.599,94.421
-1.720,0.746,1.750,-128.174,79.529,-143.127
-0.795,-0.401,1.225,-144.714,60.364,-312.805
0.107,-1.360,0.867,-126.221,40.955,-376.099
0.886,-2.079,0.593,-94.666,36.865,-343.872
1.273,-2.397,0.359,-60.669,40.405,-245.605
1.302,-2.485,0.161,-36.194,54.138,-119.507
1.088,-2.316,-0.034,-33.630,54.382,-15.320
0.779,-2.042,-0.156,-44.373,49.866,55.725
0.458,-1.702,-0.235,-54.871,41.016,78.369
0.390,-1.370,-0.184,-54.443,22.095,76.965
0.316,-1.111,-0.049,-40.894,-2.441,65.002
0.259,-0.929,0.208,-17.029,-25.269,53.223
0.168,-0.799,0.495,6.470,-43.213,53.406
0.034,-0.646,0.728,20.630,-44.373,62.195
-0.154,-0.486,0.921,27.283,-35.339,74.280
-0.338,-0.390,1.003,23.376,-23.987,79.895
-0.447,-0.377,0.990,6.409,-12.695,69.580
-0.481,-0.382,0.915,-16.174,-9.155,45.898
-0.478,-0.462,0.818,-31.555,-11.841,18.127
-0.389,-0.575,0.767,-29.785,-11.658,-6.592
-0.270,-0.701,0.750,-13.672,-6.409,-23.071
-0.125,-0.810,0.774,2.441,1.343,-28.687
-0.008,-0.861,0.804,7.935,7.507,-26.672
0.064,-0.862,0.764,-0.610,11.719,-19.043
0.059,-0.817,0.668,-14.099,13.428,-9.277
0.044,-0.754,0.585,-22.339,14.099,-2.014
0.046,-0.689,0.528,-20.447,13.916,1.282
0.059,-0.642,0.507,-12.451,13.123,2.441
0.057,-0.605,0.519,-2.869,9.399,1.587
0.031,-0.566,0.568,4.517,3.052,-1.343
-0.001,-0.564,0.604,10.132,-1.648,-4.883
-0.011,-0.586,0.636,12.817,-4.639,-9.766
-0.029,-0.628,0.714,13.794,-8.118,-15.320
-0.026,-0.672,0.765,12.024,-8.728,-18.738
-0.019,-0.713,0.787,8.728,-5.676,-18.616
-0.009,-0.749,0.788,5.981,-2.869,-16.541
-0.013,-0.785,0.794,3.540,-0.427,-13.550
-0.031,-0.804,0.781,2.686,2.991,-10.925
-0.036,-0.797,0.751,2.563,7.202,-9.949
-0.025,-0.791,0.741,4.150,8.362,-11.108
0.015,-0.797,0.748,5.859,6.958,-11.719
0.041,-0.791,0.775,6.348,5.920,-9.888
0.049,-0.784,0.775,4.639,7.629,-5.554
0.069,-0.772,0.744,-1.282,9.338,-2.502
0.072,-0.767,0.721,-9.521,7.568,-0.916
0.074,-0.769,0.713,-14.832,4.944,1.099
0.057,-0.738,0.707,-15.381,4.272,4.761
0.015,-0.690,0.686,-12.939,5.493,8.545
-0.022,-0.635,0.658,-9.277,6.470,8.789
-0.028,-0.606,0.638,-5.615,5.859,4.517
-0.011,-0.612,0.658,-2.502,2.747,-2.502
0.014,-0.635,0.684,-0.549,-0.183,-8.179
0.034,-0.663,0.701,-0.488,-1.709,-11.536
0.037,-0.695,0.710,-1.221,-2.319,-11.658
0.026,-0.728,0.707,-1.160,-2.258,-8.850
0.014,-0.741,0.709,-0.671,-1.526,-5.432
-0.009,-0.750,0.696,-1.526,-1.404,-3.052
-0.020,-0.743,0.679,-2.014,-1.465,-2.441
-0.022,-0.732,0.659,-0.244,-1.282,-2.625
-0.023,-0.735,0.639,2.991,-1.404,-2.808
-0.005,-0.750,0.641,6.042,-2.136,-4.395
0.015,-0.796,0.657,8.118,-3.113,-5.859
0.042,-0.832,0.690,7.324,-4.578,-5.798
0.053,-0.841,0.718,4.028,-4.578,-4.272
0.043,-0.830,0.714,0.549,-2.380,-0.244
0.023,-0.815,0.699,-2.930,-0.488,5.127
-0.007,-0.783,0.689,-5.676,-0.305,8.606
-0.025,-0.743,0.681,-6.714,0.244,10.437
-0.031,-0.709,0.669,-6.348,0.732,10.498
-0.045,-0.697,0.645,-5.798,0.244,9.094
0.214,1.025,2.559,89.844,19.592,73.914
0.047,1.429,3.070,130.615,41.260,109.375
-0.218,1.700,3.564,160.339,69.214,139.099
-0.499,1.790,3.987,154.419,93.384,142.700
-0.752,1.770,4.000,99.487,108.215,116.638
-0.983,1.845,4.000,2.136,114.990,73.914
-1.326,1.796,3.819,-109.802,121.948,23.499
-1.476,1.452,3.073,-195.984,128.845,-36.682
-1.456,0.915,2.195,-250.854,121.704,-101.379
-1.510,0.195,1.258,-300.232,86.365,-151.733
-1.426,-0.915,0.127,-352.661,27.588,-188.843
-1.160,-2.076,-0.726,-395.752,-58.289,-205.444
-1.446,-2.711,-1.238,-363.098,-129.089,-183.533
-1.932,-3.383,-1.835,-197.815,-72.205,-123.596
-1.626,-4.000,-2.231,48.645,62.195,-119.080
-0.609,-4.000,-2.486,238.953,149.170,-249.268
0.797,-4.000,-2.339,244.080,104.675,-390.747
2.003,-4.000,-1.936,154.480,-1.526,-448.730
2.824,-4.000,-1.930,131.042,-31.433,-385.437
3.164,-4.000,-1.779,145.935,-4.761,-204.346
2.371,-4.000,-1.270,119.385,-16.174,6.653
0.983,-3.999,-1.099,44.312,-30.029,172.424
-0.215,-3.006,-1.428,-40.161,-23.254,257.996
-1.001,-2.215,-1.807,-93.323,-39.063,259.277
-1.288,-1.811,-1.857,-92.773,-90.637,202.454
-1.312,-1.760,-1.560,-64.270,-151.001,120.483
-1.326,-1.823,-1.120,-41.748,-188.538,51.697
-1.277,-1.792,-0.821,-32.959,-189.148,13.916
-1.147,-1.747,-0.654,-32.288,-165.161,5.798
-1.092,-1.414,-0.297,-40.283,-152.588,23.560
-1.199,-0.780,0.168,-55.786,-148.193,53.650
-1.249,-0.153,0.451,-75.562,-125.061,85.205
-1.298,0.317,0.582,-80.505,-87.769,114.624
-1.304,0.638,0.673,-53.955,-49.194,134.033
-1.250,0.842,0.845,-4.639,-24.170,138.794
-1.163,0.930,1.052,42.664,-15.564,127.869
-1.041,0.956,1.303,72.937,-15.991,101.196
-0.802,0.976,1.568,89.050,-18.188,61.890
-0.540,0.872,1.844,90.393,-24.963,26.794
-0.362,0.711,2.132,81.055,-36.560,-1.343
-0.216,0.517,2.376,69.458,-39.856,-15.991
-0.142,0.363,2.474,56.580,-30.884,-20.935
-0.012,0.271,2.550,41.626,-15.625,-6.897
-0.012,0.262,2.556,29.297,6.348,16.418
-0.036,0.288,2.457,17.578,31.189,45.776
-0.151,0.353,2.284,3.113,49.622,67.810
-0.311,0.404,2.063,-12.390,59.692,72.571
-0.449,0.428,1.767,-28.931,68.359,55.969
-0.450,0.388,1.422,-41.565,74.768,18.555
-0.329,0.251,1.148,-44.922,70.435,-33.264
-0.146,-0.024,0.905,-39.917,56.519,-87.524
0.082,-0.383,0.721,-32.410,39.368,-127.930
0.306,-0.755,0.588,-25.818,19.531,-145.325
0.445,-1.104,0.504,-13.550,3.479,-139.160
0.534,-1.330,0.438,5.432,0.427,-110.657
0.510,-1.419,0.414,22.583,2.075,-70.190
0.426,-1.426,0.390,29.907,1.953,-32.837
0.345,-1.365,0.425,25.818,-4.272,-7.690
0.247,-1.251,0.539,18.188,-14.404,6.409
0.129,-1.131,0.624,10.620,-19.165,16.785
0.020,-1.006,0.682,4.639,-17.944,26.062
-0.078,-0.864,0.731,2.197,-14.526,32.837
-0.164,-0.729,0.731,2.258,-10.376,36.865
-0.222,-0.617,0.703,2.625,-7.812,35.889
-0.240,-0.539,0.702,2.991,-8.423,28.381
-0.213,-0.493,0.741,3.967,-9.644,18.616
-0.183,-0.466,0.776,5.859,-9.460,12.207
-0.167,-0.488,0.776,6.348,-6.836,10.254
-0.180,-0.523,0.780,5.432,-5.066,9.460
-0.176,-0.542,0.775,2.625,-3.113,8.179
-0.180,-0.563,0.737,-2.991,0.488,5.798
-0.178,-0.597,0.700,-8.057,2.747,2.686
-0.181,-0.615,0.704,-9.583,2.258,-0.488
-0.168,-0.615,0.707,-5.981,3.296,-2.563
-0.159,-0.627,0.683,-1.160,5.554,-3.662
-0.123,-0.660,0.674,3.601,5.005,-7.141
-0.078,-0.701,0.692,7.385,2.319,-12.268
-0.017,-0.748,0.720,9.277,0.305,-14.954
0.026,-0.786,0.762,9.033,-0.549,-12.695
0.015,-0.806,0.788,6.714,0.427,-5.432
-0.008,-0.802,0.768,2.197,3.906,1.709
-0.022,-0.791,0.741,-3.906,6.592,5.371
-0.028,-0.763,0.714,-9.155,6.348,5.066
-0.031,-0.740,0.674,-10.071,5.981,2.808
-0.028,-0.731,0.648,-6.531,5.188,1.282
-0.019,-0.735,0.667,0.305,3.601,-0.549
-0.014,-0.752,0.704,7.751,2.319,-1.709
-0.016,-0.766,0.749,12.207,1.709,-1.282
-0.021,-0.770,0.798,11.292,0.610,0.000
-0.027,-0.760,0.814,6.042,0.732,1.465
-0.026,-0.734,0.794,-1.892,2.625,3.235
-0.029,-0.712,0.749,-8.911,3.662,5.066
-0.045,-0.702,0.706,-12.390,3.540,6.958
-0.060,-0.683,0.683,-11.047,3.662,7.996
-0.066,-0.663,0.647,-7.690,4.944,7.446
-0.070,-0.665,0.628,-3.235,3.906,5.066
-0.062,-0.684,0.637,0.549,0.122,1.587
-0.041,-0.715,0.642,2.808,-1.465,-1.831
-0.021,-0.746,0.649,2.869,-2.502,-2.930
-0.008,-0.768,0.671,1.709,-4.333,-2.197
-0.015,-0.768,0.701,0.061,-5.066,0.244
-0.031,-0.757,0.705,-0.854,-3.540,4.211
-0.052,-0.756,0.682,-2.319,-1.526,8.118
-0.064,-0.759,0.660,-3.723,-1.282,9.521
-0.060,-0.766,0.635,-3.967,-1.709,8.789
-0.049,-0.781,0.617,-3.235,-2.136,7.874
-0.032,-0.785,0.627,-1.465,-3.418,6.897
-0.017,-0.782,0.652,0.549,-4.883,6.836
-0.023,-0.772,0.686,1.587,-5.798,7.751
-0.027,-0.749,0.719,1.892,-6.042,9.583
-0.047,-0.722,0.727,1.648,-5.554,11.353
-0.072,-0.696,0.730,1.221,-5.615,12.207
-0.075,-0.690,0.732,1.099,-6.165,10.193
-0.069,-0.708,0.734,0.305,-7.141,6.897
-0.071,-0.752,0.720,-0.488,-7.996,4.395
-0.078,-0.808,0.715,0.183,-8.789,2.380
-0.058,-0.844,0.740,1.831,-8.545,0.061
-0.007,-0.853,0.767,1.709,-6.165,-2.075
0.045,-0.846,0.775,-2.625,-4.211,-2.136
0.596,0.443,2.429,86.487,-98.816,95.093
0.484,0.772,2.981,110.535,-76.904,133.423
0.210,1.167,3.537,135.010,-52.612,174.622
-0.226,1.504,3.982,145.752,-34.729,204.773
-0.715,1.734,4.000,120.544,-22.461,199.463
-1.086,1.774,4.000,50.659,-17.761,147.766
-1.336,1.674,4.000,-48.828,-16.968,64.819
-1.646,1.480,3.580,-158.081,-19.226,-15.381
-1.818,1.074,2.521,-252.502,-20.813,-82.092
-2.049,0.704,1.031,-322.571,-38.086,-130.371
-2.209,0.013,-0.639,-339.600,-66.162,-167.603
-1.918,-1.236,-2.089,-255.432,-92.529,-199.402
-1.587,-3.075,-3.405,-97.473,-129.089,-207.397
-1.375,-4.000,-3.833,75.073,-156.738,-227.783
-0.211,-4.000,-3.766,231.873,-122.009,-325.684
1.838,-4.000,-3.262,275.574,-91.431,-419.189
3.658,-4.000,-2.346,196.838,-120.361,-389.465
4.000,-4.000,-1.890,96.375,-103.394,-189.087
3.014,-4.000,-2.211,-16.418,-29.846,116.699
0.411,-4.000,-2.985,-104.309,21.179,397.034
-1.903,-2.347,-3.368,-147.522,30.884,521.729
-2.539,-0.973,-3.041,-142.273,-27.039,444.702
-2.519,-0.350,-2.021,-95.093,-139.648,252.869
-2.287,-0.240,-0.815,-66.162,-219.421,90.637
-1.761,-0.433,-0.018,-47.913,-207.336,18.127
-1.328,-0.426,0.494,-22.095,-142.822,28.931
-1.249,-0.138,0.915,-8.057,-90.637,93.750
-1.560,0.258,1.224,-6.958,-60.913,178.955
-1.936,0.615,1.417,-9.399,-31.921,230.347
-2.155,0.896,1.615,-4.639,-8.911,222.656
-2.161,1.122,1.855,-3.235,-4.761,171.326
-2.074,1.089,2.063,-7.935,-6.958,101.929
-1.891,0.935,2.203,-6.042,5.310,32.532
-1.577,0.699,2.195,8.789,37.109,-21.423
-1.135,0.426,2.098,23.376,70.801,-57.007
-0.695,0.169,1.995,24.536,88.501,-76.111
-0.178,-0.089,1.846,11.414,93.262,-81.665
0.139,-0.288,1.698,-8.362,92.529,-79.834
0.393,-0.288,1.543,-31.250,81.970,-68.298
0.510,-0.217,1.296,-51.086,59.448,-36.865
0.342,-0.281,0.992,-54.871,50.171,-13.855
0.307,-0.261,0.782,-37.537,63.660,-10.193
0.271,-0.277,0.631,-4.333,64.880,-19.287
0.320,-0.478,0.535,25.391,54.321,-36.316
0.429,-0.692,0.617,40.710,33.142,-55.115
0.485,-0.845,0.757,43.884,11.902,-66.162
0.538,-0.973,0.797,38.513,5.981,-56.213
0.549,-1.004,0.841,29.297,1.770,-28.748
0.398,-0.954,0.896,19.409,-6.348,7.568
0.120,-0.873,0.900,13.245,-7.324,42.664
-0.115,-0.731,0.896,11.780,-4.150,66.162
-0.302,-0.617,0.864,11.658,-3.662,71.594
-0.383,-0.561,0.833,11.047,-3.174,57.251
-0.369,-0.560,0.869,11.658,-5.737,29.175
-0.321,-0.589,0.951,12.024,-8.179,1.648
-0.256,-0.652,0.924,7.812,-4.150,-14.832
-0.188,-0.696,0.884,-1.404,-2.258,-19.165
-0.161,-0.705,0.852,-8.179,-2.136,-15.259
-0.133,-0.688,0.791,-11.780,2.075,-6.470
-0.116,-0.692,0.743,-12.939,4.700,2.075
-0.108,-0.694,0.677,-13.062,5.615,7.751
-0.096,-0.707,0.587,-13.611,8.240,9.644
-0.087,-0.695,0.534,-12.878,7.019,7.263
-0.089,-0.677,0.502,-9.888,5.554,2.075
-0.072,-0.657,0.500,-3.784,5.615,-3.113
-0.044,-0.659,0.542,2.991,4.089,-7.141
-0.020,-0.660,0.594,6.348,1.099,-7.629
-0.037,-0.656,0.628,6.042,-1.648,-4.639
-0.063,-0.663,0.652,6.348,-2.930,-2.014
-0.078,-0.681,0.709,7.202,-4.272,0.549
-0.123,-0.710,0.771,7.996,-4.944,4.333
-0.169,-0.727,0.793,6.836,-2.136,8.484
-0.197,-0.712,0.804,3.662,1.831,9.766
-0.217,-0.667,0.796,1.160,4.761,8.911
-0.241,-0.652,0.736,-0.916,7.385,6.592
-0.221,-0.650,0.736,-2.014,6.958,-1.282
-0.183,-0.650,0.782,0.549,5.554,-10.437
-0.165,-0.674,0.799,3.235,6.714,-13.977
-0.146,-0.705,0.795,3.662,7.629,-13.794
-0.132,-0.733,0.790,1.831,6.470,-13.733
-0.117,-0.759,0.781,-0.977,5.005,-11.841
-0.110,-0.787,0.761,-5.005,5.066,-9.155
-0.085,-0.774,0.741,-10.803,5.981,-7.080
-0.077,-0.736,0.681,-16.724,7.324,-4.272
-0.094,-0.714,0.583,-19.836,8.667,-1.526
-0.073,-0.690,0.524,-16.602,9.399,-2.930
-0.042,-0.680,0.526,-8.362,7.751,-6.104
-0.026,-0.695,0.543,0.610,5.493,-8.545
-0.014,-0.713,0.555,7.507,5.249,-10.559
0.013,-0.734,0.589,11.902,3.723,-11.414
0.009,-0.759,0.635,13.062,-0.488,-8.057
-0.016,-0.762,0.663,12.085,-2.380,-2.197
-0.047,-0.747,0.688,10.986,-1.709,3.540
-0.073,-0.726,0.727,9.583,-2.014,7.874
-0.108,-0.702,0.752,7.263,-2.014,10.559
-0.162,-0.692,0.743,4.944,-0.427,11.414
-0.177,-0.676,0.732,3.906,1.587,7.263
-0.174,-0.685,0.745,4.211,0.305,-0.061
-0.167,-0.728,0.740,3.845,-0.977,-5.676
-0.142,-0.774,0.728,2.747,0.427,-10.071
-0.096,-0.810,0.737,2.075,0.854,-12.085
-0.069,-0.819,0.768,0.305,-0.061,-9.216
-0.080,-0.796,0.774,-2.808,1.099,-2.991
-0.104,-0.747,0.735,-5.554,5.371,3.357
-0.130,-0.720,0.684,-6.592,8.118,6.836
-0.144,-0.706,0.650,-6.287,7.446,5.432
-0.141,-0.712,0.632,-4.211,5.310,0.061
-0.111,-0.750,0.629,-2.014,3.479,-6.470
-0.078,-0.790,0.637,0.000,2.686,-12.329
-0.051,-0.822,0.651,2.319,2.625,-14.893
-0.020,-0.840,0.675,3.357,2.808,-13.855
-0.019,-0.840,0.706,2.319,1.648,-9.033
-0.063,-0.821,0.712,-0.488,0.916,-2.380
-0.119,-0.792,0.695,-3.479,2.136,2.075
-0.140,-0.776,0.684,-5.676,2.991,1.526
-0.128,-0.773,0.693,-7.507,2.319,-2.319
-0.118,-0.768,0.710,-8.667,1.465,-5.493
-0.125,-0.757,0.700,-9.033,2.502,-7.751
-0.106,-0.737,0.682,-9.705,4.456,-10.742
0.000,0.805,2.359,6.958,27.771,158.447
0.009,1.215,2.705,-2.319,39.368,185.730
-0.092,1.573,3.096,-14.832,42.236,215.454
-0.416,1.811,3.403,-44.800,39.001,248.047
-0.964,2.007,3.409,-106.384,37.781,273.682
-1.635,2.362,2.993,-189.148,49.744,279.297
-2.346,2.752,2.299,-245.850,73.120,241.638
-2.932,3.202,1.516,-245.544,101.074,143.982
-3.150,3.255,0.418,-206.055,103.760,-8.606
-2.935,2.430,-0.866,-157.471,50.537,-202.209
-2.081,-0.017,-2.122,-81.665,-58.350,-394.348
-0.764,-3.350,-2.707,30.090,-187.073,-502.075
0.923,-4.000,-2.678,140.076,-282.227,-493.347
1.798,-4.000,-1.545,217.041,-311.462,-391.235
2.272,-4.000,-0.279,278.992,-256.897,-263.123
2.930,-4.000,-0.001,254.517,-137.146,-166.687
3.318,-4.000,-0.187,144.043,-42.297,-78.613
2.850,-4.000,-0.330,30.762,-7.263,39.307
1.654,-4.000,-0.543,-51.331,20.447,177.185
0.058,-3.576,-1.050,-106.995,69.458,300.171
-1.251,-1.875,-1.626,-146.606,104.492,372.986
-1.792,-0.857,-1.761,-151.245,79.834,354.736
-1.871,-0.470,-1.389,-101.074,-8.301,250.732
-1.812,-0.495,-0.621,-39.368,-106.201,129.150
-1.579,-0.635,0.116,-4.944,-151.306,44.067
-1.412,-0.780,0.599,10.315,-133.850,9.033
-1.248,-0.654,0.848,11.719,-85.571,18.188
-1.208,-0.365,0.971,0.549,-42.969,52.063
-1.246,-0.064,1.103,-14.465,-16.785,79.956
-1.300,0.135,1.134,-27.771,2.747,74.768
-1.276,0.201,1.161,-34.851,16.296,40.405
-1.202,0.180,1.206,-29.053,18.616,-0.854
-1.123,-0.008,1.300,-12.939,19.287,-40.771
-0.958,-0.135,1.395,6.226,30.029,-77.698
-0.504,-0.215,1.324,21.118,54.565,-107.788
-0.221,-0.282,1.358,23.193,72.754,-123.962
0.071,-0.122,1.559,11.902,59.082,-118.591
0.169,0.187,1.664,-6.226,46.265,-67.749
0.113,0.423,1.518,-26.672,58.960,-9.521
0.027,0.623,1.242,-34.180,85.266,30.945
-0.005,0.816,0.986,-26.123,95.520,53.650
-0.058,0.931,0.872,-9.583,87.402,42.114
0.073,0.906,0.807,9.644,74.829,3.235
0.245,0.666,0.812,22.034,50.354,-46.936
0.322,0.343,0.933,26.611,16.357,-89.478
0.430,0.036,1.015,32.043,-2.441,-112.427
0.551,-0.293,0.981,39.734,-2.136,-110.535
0.603,-0.552,0.972,46.509,-1.709,-85.510
0.525,-0.687,1.013,52.063,-4.517,-50.903
0.411,-0.782,1.047,52.734,-5.127,-21.912
0.219,-0.820,1.069,43.396,-8.606,-8.789
0.087,-0.798,1.140,28.870,-15.503,-10.010
0.046,-0.797,1.192,18.311,-17.212,-11.658
0.053,-0.799,1.137,11.963,-8.911,-12.939
0.080,-0.764,1.057,7.996,1.953,-12.573
0.046,-0.673,1.019,7.324,9.216,-8.911
-0.026,-0.564,0.951,9.827,18.799,-3.174
-0.086,-0.487,0.826,10.620,30.334,-2.319
-0.073,-0.463,0.684,7.996,36.682,-10.986
0.023,-0.540,0.569,0.793,28.809,-24.536
0.083,-0.642,0.590,-9.094,8.545,-32.776
0.109,-0.716,0.617,-15.076,-4.517,-30.273
0.117,-0.730,0.578,-15.747,-3.479,-16.113
0.081,-0.703,0.516,-9.094,1.953,2.197
0.036,-0.679,0.514,3.723,3.967,13.855
-0.015,-0.644,0.618,15.869,2.625,14.526
-0.076,-0.602,0.712,22.034,3.967,9.338
-0.134,-0.592,0.772,21.667,7.935,0.854
-0.186,-0.597,0.813,17.822,9.583,-10.742
-0.180,-0.651,0.803,14.221,10.742,-22.522
-0.097,-0.764,0.798,11.902,8.728,-28.198
-0.030,-0.818,0.881,9.949,3.052,-26.306
0.002,-0.824,0.923,8.240,3.052,-15.442
0.025,-0.796,0.899,4.944,7.507,1.709
-0.004,-0.727,0.920,1.465,8.972,16.357
-0.066,-0.646,0.922,-1.221,10.498,26.306
-0.115,-0.560,0.847,-5.615,15.747,28.687
-0.144,-0.500,0.757,-10.315,17.212,20.020
-0.148,-0.474,0.706,-11.902,13.123,2.197
-0.115,-0.485,0.695,-7.935,8.667,-19.104
-0.036,-0.553,0.673,-1.648,7.263,-35.522
0.064,-0.620,0.671,2.625,5.310,-42.664
0.134,-0.693,0.682,4.639,0.610,-39.551
0.161,-0.735,0.711,5.859,-4.395,-26.489
0.114,-0.765,0.751,7.385,-5.676,-8.911
0.079,-0.794,0.759,8.484,-1.343,5.310
0.065,-0.792,0.754,6.104,3.723,13.977
0.023,-0.749,0.742,0.671,3.601,16.357
-0.016,-0.705,0.703,-4.089,2.869,13.916
-0.038,-0.662,0.663,-5.005,2.258,7.996
-0.029,-0.641,0.672,-2.197,-0.671,0.244
-0.013,-0.625,0.714,2.502,-3.723,-5.432
-0.002,-0.617,0.751,6.042,-5.249,-6.165
-0.012,-0.603,0.797,7.141,-5.981,-2.991
-0.050,-0.598,0.804,6.958,-4.944,2.319
-0.087,-0.606,0.800,5.981,-1.465,6.836
-0.125,-0.610,0.828,6.470,1.953,6.775
-0.135,-0.622,0.826,4.944,6.531,1.648
-0.124,-0.638,0.793,0.000,9.766,-5.432
-0.096,-0.675,0.738,-5.066,7.996,-13.733
-0.037,-0.727,0.716,-7.812,3.784,-21.240
0.012,-0.783,0.733,-5.554,0.061,-23.621
0.059,-0.817,0.743,-1.465,0.366,-18.433
0.081,-0.827,0.741,1.953,2.380,-8.423
0.079,-0.809,0.756,3.052,2.930,1.831
0.063,-0.773,0.762,2.075,3.845,10.315
0.029,-0.726,0.760,-0.122,5.615,15.930
-0.019,-0.663,0.751,-1.709,7.446,18.188
-0.060,-0.617,0.722,-2.625,9.277,15.747
-0.072,-0.598,0.707,-2.747,8.179,7.935
-0.058,-0.615,0.708,-2.502,4.761,-2.991
-0.017,-0.663,0.729,-1.160,0.916,-12.329
0.031,-0.719,0.739,0.793,-1.587,-16.663
0.074,-0.757,0.761,0.793,-3.601,-14.648
0.079,-0.774,0.798,0.000,-5.676,-7.935
0.058,-0.775,0.831,-0.916,-4.150,0.977
0.032,-0.759,0.826,-2.930,0.549,9.644
-0.010,-0.741,0.830,-6.653,4.089,14.893
-0.054,-0.721,0.825,-10.315,6.958,15.137
0.325,0.561,2.351,36.499,-23.560,74.524
0.250,0.877,2.878,52.734,-11.536,108.948
0.120,1.243,3.419,68.787,15.259,153.748
-0.193,1.536,3.850,66.101,49.561,205.750
-0.703,1.709,4.000,23.132,74.097,248.047
-1.266,1.886,3.710,-75.623,87.524,258.301
-1.736,2.093,3.012,-210.632,81.116,225.525
-2.227,2.436,1.965,-324.463,55.542,143.250
-2.711,2.742,0.761,-361.267,38.086,11.353
-2.741,1.994,-0.539,-290.649,23.132,-164.124
-2.252,0.358,-1.416,-157.166,-34.058,-343.506
-1.598,-1.785,-1.762,-20.264,-141.479,-455.383
-0.727,-3.989,-2.012,74.219,-220.459,-482.849
0.142,-4.000,-1.877,118.530,-229.187,-450.439
0.542,-4.000,-1.266,177.002,-196.655,-390.442
0.879,-4.000,-0.893,235.413,-107.971,-294.189
1.004,-4.000,-0.968,221.008,-19.104,-200.256
1.134,-4.000,-0.955,157.043,10.925,-132.751
0.952,-4.000,-0.775,92.285,1.770,-73.792
0.553,-4.000,-0.711,43.579,10.132,4.211
-0.016,-3.240,-0.764,1.038,37.109,90.332
-0.649,-2.318,-0.808,-30.762,49.683,156.738
-1.109,-1.682,-0.796,-47.058,46.814,182.617
-1.229,-1.410,-0.689,-42.419,31.311,162.720
-1.243,-1.398,-0.444,-24.597,-0.916,122.864
-1.177,-1.382,-0.189,-17.334,-31.006,83.252
-1.057,-1.478,-0.099,-22.156,-38.818,50.171
-0.870,-1.640,-0.044,-20.142,-35.645,27.832
-0.775,-1.639,0.109,-12.695,-32.776,15.869
-0.715,-1.505,0.336,-5.615,-25.879,9.216
-0.612,-1.222,0.573,-0.916,-9.949,4.517
-0.535,-0.943,0.667,-6.287,12.085,3.418
-0.535,-0.672,0.751,-18.372,31.677,3.906
-0.375,-0.393,0.835,-19.165,53.101,2.869
-0.252,-0.132,0.834,-9.216,71.411,0.244
-0.042,0.051,1.078,7.202,56.946,2.441
0.203,0.324,1.396,21.851,46.692,3.235
0.495,0.514,1.551,30.090,55.359,8.423
0.736,0.601,1.606,28.931,63.965,26.306
0.795,0.654,1.720,33.997,56.335,52.917
0.770,0.780,1.832,52.368,50.049,86.365
0.638,0.922,1.941,71.716,51.147,120.483
0.357,1.024,2.078,85.754,50.415,146.851
0.018,1.124,2.230,86.304,47.058,157.959
-0.294,1.195,2.305,68.726,41.687,146.667
-0.542,1.183,2.222,31.555,34.241,111.145
-0.679,1.001,1.975,-11.780,23.743,53.345
-0.666,0.707,1.654,-41.077,13.062,-14.771
-0.503,0.345,1.348,-48.523,8.240,-81.055
-0.226,-0.098,1.028,-44.739,8.728,-133.972
0.136,-0.540,0.793,-39.063,2.686,-165.527
0.451,-0.913,0.691,-32.654,-11.353,-170.959
0.632,-1.196,0.607,-22.461,-20.752,-148.560
0.668,-1.346,0.522,-8.667,-17.944,-103.821
0.630,-1.364,0.418,2.441,-9.094,-53.955
0.526,-1.290,0.357,4.822,-6.042,-16.724
0.417,-1.192,0.377,4.150,-8.484,5.005
0.299,-1.076,0.386,3.845,-14.282,10.864
0.172,-0.996,0.467,3.418,-28.259,13.184
0.154,-0.882,0.545,4.272,-25.146,15.930
0.139,-0.788,0.593,10.498,-18.372,20.630
0.100,-0.725,0.698,16.663,-18.372,30.151
0.006,-0.648,0.819,20.386,-20.752,40.405
-0.102,-0.578,0.906,20.508,-17.029,50.049
-0.211,-0.549,0.899,17.029,-7.996,55.420
-0.262,-0.522,0.889,12.207,-0.366,51.453
-0.295,-0.525,0.882,7.568,1.587,41.199
-0.301,-0.537,0.851,0.732,1.038,28.381
-0.255,-0.544,0.813,-5.310,0.488,11.841
-0.174,-0.552,0.769,-7.629,0.977,-2.563
-0.106,-0.584,0.727,-6.104,1.160,-10.071
-0.051,-0.609,0.752,-0.427,-0.427,-11.536
-0.030,-0.627,0.785,6.287,-0.061,-8.179
-0.027,-0.638,0.779,7.812,2.319,-3.784
-0.023,-0.644,0.769,5.005,2.991,-3.601
-0.000,-0.667,0.769,-0.122,1.404,-6.226
0.023,-0.698,0.771,-4.089,-0.183,-9.644
0.050,-0.720,0.741,-6.470,0.671,-10.620
0.057,-0.714,0.732,-5.676,1.831,-9.338
0.064,-0.701,0.733,-0.916,3.906,-6.226
0.055,-0.712,0.718,3.357,5.859,-2.991
0.053,-0.720,0.732,5.432,5.371,-1.343
0.053,-0.719,0.753,6.165,4.944,-1.282
0.074,-0.708,0.775,5.310,5.615,-1.160
0.094,-0.697,0.792,1.648,5.432,-1.038
0.097,-0.658,0.788,-4.395,4.944,0.061
0.067,-0.631,0.762,-8.362,5.615,2.930
0.042,-0.620,0.733,-9.094,6.165,6.470
0.016,-0.610,0.729,-6.897,5.005,8.484
-0.010,-0.595,0.722,-3.784,4.333,8.972
-0.026,-0.585,0.711,0.000,4.028,7.446
-0.025,-0.604,0.707,3.967,2.319,3.418
-0.008,-0.628,0.715,6.775,-0.305,-1.770
-0.002,-0.654,0.724,8.911,-1.587,-6.409
0.013,-0.678,0.732,10.376,-1.099,-10.742
0.041,-0.722,0.736,9.949,-0.610,-13.733
0.071,-0.765,0.747,7.141,-2.014,-13.733
0.081,-0.800,0.740,3.723,-3.357,-10.376
0.094,-0.821,0.711,0.671,-2.441,-5.310
0.108,-0.819,0.686,0.122,-0.793,-0.427
0.116,-0.812,0.665,0.732,-0.488,4.517
0.109,-0.805,0.643,0.977,-2.014,8.057
0.084,-0.791,0.646,1.709,-4.578,9.094
0.073,-0.770,0.678,3.052,-5.066,7.446
0.073,-0.744,0.719,2.930,-5.005,4.944
0.064,-0.718,0.738,0.671,-5.676,3.845
0.058,-0.691,0.737,-2.991,-6.409,4.272
0.049,-0.673,0.733,-4.761,-8.057,4.883
0.043,-0.657,0.732,-4.761,-8.850,5.798
0.042,-0.650,0.740,-3.052,-8.972,6.653
0.040,-0.642,0.751,-1.526,-9.277,7.202
0.030,-0.648,0.751,-0.916,-9.033,6.897
0.028,-0.645,0.757,-1.221,-9.644,4.333
0.022,-0.651,0.750,-1.953,-10.498,1.221
0.024,-0.651,0.750,-1.770,-11.292,-2.136
0.040,-0.650,0.758,0.549,-11.230,-4.700
0.059,-0.651,0.773,3.723,-11.597,-5.859
0.080,-0.642,0.799,6.470,-12.817,-5.798
0.098,-0.624,0.816,9.338,-13.733,-4.883
0.568,0.645,1.974,39.429,5.737,49.927
0.676,0.958,2.305,57.495,13.245,66.772
0.726,1.272,2.727,79.529,23.682,90.210
0.624,1.509,3.122,97.229,36.682,122.498
0.318,1.630,3.385,93.201,53.711,156.067
-0.082,1.724,3.425,52.002,71.533,177.063
-0.531,1.823,3.042,-29.053,82.336,180.725
-1.072,1.827,2.303,-137.878,76.782,158.813
-1.512,1.798,1.285,-240.784,50.476,95.825
-1.775,1.731,0.040,-311.829,5.981,-14.160
-1.817,1.170,-1.297,-321.716,-70.862,-156.921
-1.756,-0.282,-2.065,-252.075,-189.941,-309.753
-1.144,-2.148,-1.978,-100.342,-297.791,-441.467
-0.324,-3.886,-1.442,89.539,-320.862,-461.304
0.055,-4.000,-0.482,220.886,-266.724,-341.675
0.041,-4.000,0.030,260.071,-148.193,-192.688
-0.034,-4.000,-0.370,201.111,-12.146,-79.224
-0.419,-4.000,-1.039,90.820,36.987,-31.738
-0.442,-4.000,-1.181,24.475,-0.610,-73.059
0.089,-4.000,-0.759,30.823,-51.270,-139.282
0.703,-4.000,-0.304,48.828,-64.331,-148.437
0.964,-4.000,-0.187,35.461,-18.066,-70.862
0.632,-4.000,-0.524,4.517,55.664,64.758
0.017,-3.823,-0.904,-25.146,101.257,203.247
-0.663,-2.875,-1.133,-52.307,100.403,289.124
-1.195,-2.068,-1.152,-75.623,70.740,307.068
-1.432,-1.436,-0.998,-85.144,23.621,268.311
-1.479,-0.953,-0.675,-84.778,-25.024,201.294
-1.439,-0.630,-0.302,-81.604,-64.331,136.414
-1.375,-0.438,0.064,-71.167,-79.346,90.698
-1.270,-0.287,0.352,-57.556,-74.646,63.110
-1.203,-0.071,0.603,-47.974,-60.364,50.964
-1.086,0.128,0.815,-40.100,-40.344,50.232
-0.953,0.288,1.024,-30.396,-17.883,57.861
-0.844,0.472,1.161,-19.592,2.197,68.298
-0.689,0.618,1.243,-10.620,24.658,71.899
-0.548,0.748,1.352,-3.418,40.222,64.941
-0.440,0.840,1.497,2.686,43.091,51.147
-0.332,0.879,1.597,6.775,43.579,32.410
-0.247,0.817,1.607,13.000,43.030,7.751
-0.127,0.637,1.608,22.644,37.964,-18.372
-0.014,0.454,1.667,26.794,25.085,-39.734
0.118,0.327,1.756,22.705,15.564,-52.979
0.235,0.250,1.775,10.803,17.639,-56.396
0.295,0.213,1.712,-2.502,24.414,-49.316
0.312,0.222,1.577,-11.963,30.640,-35.950
0.265,0.201,1.384,-16.357,34.180,-23.987
0.194,0.161,1.192,-16.663,33.936,-19.531
0.150,0.106,1.033,-13.367,31.738,-24.963
0.166,0.003,0.920,-5.432,28.259,-38.086
0.239,-0.145,0.832,3.479,20.081,-55.176
0.308,-0.351,0.769,8.606,6.653,-70.862
0.373,-0.533,0.792,11.658,-8.118,-79.956
0.412,-0.653,0.835,15.381,-15.869,-78.064
0.402,-0.753,0.834,18.127,-14.954,-63.293
0.338,-0.849,0.805,16.785,-11.353,-39.978
0.285,-0.908,0.802,13.489,-7.324,-20.264
0.171,-0.903,0.754,10.437,-2.136,-8.057
0.163,-0.881,0.733,6.958,7.507,-1.587
0.137,-0.826,0.675,2.380,8.057,4.028
0.106,-0.750,0.683,-0.366,3.723,7.019
0.074,-0.667,0.675,1.587,2.930,7.996
0.065,-0.656,0.663,4.639,3.662,9.216
0.051,-0.645,0.684,7.019,-1.465,9.338
0.055,-0.653,0.752,6.836,-4.761,11.902
0.040,-0.640,0.786,4.578,-2.319,17.273
-0.003,-0.608,0.794,1.160,0.061,25.024
-0.056,-0.584,0.785,-3.601,2.502,30.579
-0.106,-0.558,0.756,-7.629,4.272,30.945
-0.123,-0.519,0.715,-10.254,4.822,26.733
-0.133,-0.507,0.701,-7.812,3.418,18.982
-0.111,-0.532,0.702,0.366,2.136,9.827
-0.058,-0.575,0.727,9.155,1.953,2.441
-0.022,-0.611,0.769,14.709,0.977,-1.526
-0.014,-0.661,0.787,14.832,0.244,-2.197
0.001,-0.690,0.795,10.742,0.000,-2.686
0.024,-0.709,0.819,7.019,-0.732,-2.258
0.019,-0.729,0.818,5.920,-1.709,1.160
-0.004,-0.747,0.817,5.676,-2.075,6.897
-0.017,-0.722,0.854,7.141,-0.122,9.583
-0.005,-0.696,0.862,7.507,3.662,10.010
0.006,-0.678,0.867,5.127,3.967,8.667
0.013,-0.679,0.843,1.526,2.747,6.531
0.018,-0.671,0.822,-2.380,2.930,4.517
0.034,-0.650,0.816,-5.615,2.441,1.770
0.040,-0.641,0.799,-8.484,2.686,-0.366
0.053,-0.627,0.773,-9.888,3.967,-1.160
0.043,-0.635,0.730,-9.277,4.517,0.183
0.027,-0.644,0.675,-7.507,4.150,1.953
0.025,-0.649,0.653,-4.089,3.601,1.221
0.034,-0.661,0.655,-0.671,2.625,-0.732
0.042,-0.679,0.666,1.587,0.549,-2.136
0.057,-0.684,0.681,2.808,-0.366,-2.319
0.076,-0.669,0.701,3.723,-1.038,-0.610
0.078,-0.649,0.716,4.639,-1.343,2.869
0.072,-0.625,0.721,4.272,-1.099,7.324
0.049,-0.611,0.730,3.906,-2.075,10.986
0.005,-0.592,0.744,4.028,-3.174,12.634
-0.012,-0.587,0.755,4.761,-1.343,11.536
-0.035,-0.598,0.757,5.737,-0.732,7.690
-0.028,-0.614,0.762,5.371,-2.075,2.686
-0.021,-0.642,0.765,4.944,-3.357,-2.441
-0.001,-0.677,0.756,4.944,-3.479,-6.226
0.026,-0.719,0.764,5.432,-3.906,-7.690
0.047,-0.752,0.792,6.226,-4.517,-5.554
0.052,-0.768,0.827,6.470,-4.456,-0.916
0.037,-0.771,0.839,5.005,-2.258,5.737
0.023,-0.754,0.837,1.648,1.282,11.353
0.009,-0.727,0.834,-2.808,2.869,13.794
-0.016,-0.704,0.816,-8.179,3.662,13.428
-0.016,-0.670,0.773,-13.489,5.127,9.338
-0.006,-0.672,0.721,-16.968,5.371,1.648
0.016,-0.694,0.681,-18.066,2.991,-6.348
0.054,-0.728,0.633,-15.930,1.038,-13.733
0.118,-0.754,0.624,-9.766,-0.488,-18.372
0.164,-0.797,0.644,-1.770,-2.075,-18.127
0.209,-0.828,0.681,1.831,-3.235,-13.062
0.198,-0.838,0.713,-0.427,-5.798,-5.493
0.159,-0.823,0.732,-5.859,-7.629,2.747
0.829,0.778,2.012,73.730,22.522,11.169
1.004,1.024,2.336,90.515,26.367,23.682
1.179,1.267,2.638,106.995,36.255,37.292
1.269,1.450,2.849,113.098,51.208,46.082
1.282,1.537,2.883,97.229,67.200,47.913
1.223,1.495,2.702,55.298,81.055,37.415
1.064,1.339,2.379,-1.770,82.336,18.738
0.676,1.137,1.896,-59.265,71.472,8.789
0.128,0.923,1.344,-106.934,64.575,7.751
-0.502,0.646,0.747,-135.681,59.631,2.197
-1.035,0.271,0.119,-144.653,43.518,-16.479
-1.379,-0.237,-0.409,-143.127,4.028,-53.345
-1.692,-0.919,-0.791,-144.714,-65.857,-86.426
-2.254,-1.525,-0.959,-147.278,-149.780,-100.403
-2.738,-2.061,-1.104,-116.150,-177.063,-119.507
-2.721,-2.835,-1.407,-26.184,-122.070,-161.804
-2.261,-3.683,-1.578,92.224,-47.241,-221.252
-1.636,-4.000,-1.611,182.861,-19.165,-276.794
-0.935,-4.000,-1.551,206.848,-30.334,-305.603
-0.217,-4.000,-1.378,174.866,-71.838,-299.011
0.335,-4.000,-1.018,125.549,-113.037,-261.475
0.671,-4.000,-0.672,89.172,-101.990,-179.443
0.736,-4.000,-0.538,58.594,-35.767,-52.917
0.314,-3.877,-0.702,22.217,28.381,93.384
-0.326,-3.156,-0.944,-19.653,56.396,219.421
-0.988,-2.545,-1.134,-52.979,48.950,291.626
-1.396,-1.968,-1.092,-63.599,19.287,305.176
-1.520,-1.358,-0.807,-51.514,-19.409,270.630
-1.423,-0.866,-0.383,-32.288,-57.251,210.632
-1.220,-0.520,0.103,-21.362,-87.830,144.714
-1.038,-0.300,0.563,-19.531,-106.445,89.539
-0.868,-0.185,0.871,-20.020,-103.821,46.814
-0.709,-0.201,1.009,-22.522,-85.693,14.954
-0.626,-0.307,1.062,-25.391,-70.862,-7.324
-0.490,-0.393,1.183,-24.353,-59.204,-19.165
-0.416,-0.367,1.354,-16.418,-48.096,-20.569
-0.365,-0.310,1.461,-5.920,-37.537,-8.911
-0.201,-0.145,1.474,4.272,0.122,3.784
0.003,-0.010,1.460,19.897,43.335,10.498
0.115,0.110,1.455,34.729,61.768,11.475
0.249,0.176,1.509,44.189,54.688,10.437
0.280,0.164,1.612,50.781,45.410,1.465
0.326,0.158,1.718,55.237,43.640,-4.395
0.383,0.169,1.740,53.772,45.410,-3.052
0.401,0.205,1.739,44.556,45.288,2.136
0.397,0.225,1.705,34.485,44.067,6.042
0.397,0.201,1.609,18.494,40.039,8.057
0.387,0.155,1.525,-3.906,28.259,7.507
0.341,0.098,1.463,-25.391,12.817,6.592
0.287,0.014,1.366,-38.879,4.211,8.850
0.234,-0.060,1.258,-44.067,1.709,14.038
0.150,-0.108,1.163,-41.809,0.732,17.578
0.043,-0.157,1.056,-36.682,1.648,16.418
-0.053,-0.223,0.940,-32.104,4.089,5.859
-0.101,-0.345,0.792,-28.748,7.568,-12.878
-0.075,-0.488,0.668,-26.611,7.263,-35.522
0.023,-0.658,0.599,-24.902,1.343,-56.091
0.161,-0.804,0.609,-23.499,-8.606,-67.383
0.251,-0.920,0.625,-21.240,-16.785,-63.965
0.278,-0.986,0.608,-19.470,-17.578,-47.363
0.266,-1.003,0.581,-17.212,-13.733,-24.231
0.197,-0.973,0.568,-15.259,-9.399,-0.916
0.079,-0.896,0.535,-13.611,-3.845,18.188
-0.031,-0.812,0.506,-11.841,1.038,29.419
-0.111,-0.751,0.497,-7.324,1.282,31.006
-0.150,-0.726,0.486,-0.793,-0.305,26.855
-0.133,-0.722,0.515,8.057,-2.747,20.020
-0.087,-0.754,0.574,16.174,-6.165,13.855
-0.034,-0.769,0.666,19.470,-10.071,11.292
-0.001,-0.777,0.758,16.724,-13.123,12.939
-0.011,-0.756,0.842,9.033,-14.709,19.897
-0.062,-0.726,0.898,1.404,-13.367,31.067
-0.123,-0.667,0.921,-5.066,-8.362,42.480
-0.178,-0.587,0.897,-9.949,-0.854,50.110
-0.232,-0.508,0.837,-13.672,5.554,52.368
-0.293,-0.443,0.779,-13.550,6.897,47.974
-0.299,-0.389,0.760,-8.545,6.409,32.715
-0.255,-0.400,0.768,-1.831,4.822,9.705
-0.181,-0.470,0.799,1.587,0.854,-12.451
-0.100,-0.563,0.812,0.977,-2.197,-30.212
-0.020,-0.665,0.828,0.122,-4.150,-38.940
0.054,-0.749,0.839,-0.244,-3.540,-37.720
0.109,-0.789,0.827,-1.892,1.038,-28.076
0.122,-0.803,0.764,-4.944,6.531,-13.428
0.096,-0.789,0.699,-7.629,9.583,0.854
0.043,-0.754,0.643,-8.972,9.766,11.108
-0.012,-0.720,0.606,-7.568,9.644,14.404
-0.031,-0.691,0.602,-3.662,8.301,11.719
-0.015,-0.680,0.614,-0.305,5.615,4.028
0.018,-0.686,0.639,1.892,2.197,-3.967
0.035,-0.697,0.657,4.517,0.427,-8.240
0.065,-0.710,0.659,7.385,1.221,-7.996
0.086,-0.719,0.684,10.437,1.099,-4.456
0.077,-0.715,0.743,12.268,-1.282,1.526
0.051,-0.700,0.783,11.230,-1.343,7.996
0.014,-0.688,0.780,6.958,0.793,12.268
-0.029,-0.705,0.749,0.488,1.587,13.306
-0.030,-0.699,0.726,-5.798,0.671,8.850
-0.017,-0.701,0.709,-8.301,-0.732,2.258
-0.001,-0.721,0.700,-6.714,-2.197,-1.343
0.001,-0.747,0.703,-2.380,-2.686,-1.465
-0.010,-0.771,0.715,2.502,-2.319,-0.305
-0.003,-0.788,0.725,5.676,-0.366,1.038
0.016,-0.789,0.745,6.897,1.465,2.991
0.046,-0.773,0.760,5.676,3.174,5.432
0.070,-0.752,0.753,1.221,4.456,7.812
0.072,-0.727,0.734,-3.906,4.761,9.766
0.080,-0.699,0.716,-7.324,4.822,10.620
0.069,-0.673,0.698,-7.446,5.005,11.169
0.046,-0.658,0.679,-5.127,3.967,11.414
0.022,-0.660,0.679,-1.465,0.854,9.460
0.017,-0.665,0.714,3.479,-1.648,5.554
0.017,-0.689,0.744,7.751,-1.953,2.197
0.043,-0.708,0.782,9.216,-1.953,-0.122
0.063,-0.730,0.820,7.385,-3.235,-1.221
0.080,-0.740,0.846,3.296,-4.700,-0.183
0.077,-0.728,0.871,-0.427,-5.310,2.808
0.073,-0.692,0.903,-1.892,-4.028,7.812
0.069,-0.635,0.940,-1.953,-2.014,13.306
0.803,0.772,2.010,51.453,-0.427,40.100
0.976,1.102,2.428,75.562,2.930,62.500
0.990,1.357,2.858,101.501,10.986,91.919
0.853,1.513,3.184,114.197,26.672,128.052
0.469,1.523,3.262,95.093,44.373,165.466
0.037,1.478,3.094,28.137,53.223,191.528
-0.404,1.391,2.739,-73.486,42.542,193.176
-0.894,1.196,2.140,-190.857,7.385,177.979
-1.368,0.924,1.354,-303.833,-38.208,147.888
-1.749,0.760,0.477,-390.747,-79.590,92.224
-1.874,0.568,-0.685,-426.880,-115.234,3.357
-1.833,-0.151,-1.836,-384.094,-164.795,-113.464
-1.679,-1.492,-2.363,-222.961,-239.624,-242.187
-1.341,-3.030,-2.471,41.016,-282.043,-354.065
-0.846,-4.000,-2.324,287.903,-271.973,-406.738
-0.440,-4.000,-1.682,421.570,-276.062,-399.719
-0.269,-4.000,-0.222,439.697,-287.964,-386.719
0.427,-4.000,0.685,390.320,-229.492,-372.681
1.332,-4.000,0.561,268.921,-93.323,-302.063
1.576,-4.000,0.249,108.215,0.916,-159.058
1.023,-4.000,-0.009,-16.785,29.907,17.700
0.324,-3.957,-0.337,-86.426,72.815,173.523
-0.406,-2.893,-0.708,-116.333,126.282,283.630
-0.983,-2.058,-1.020,-116.638,148.743,340.759
-1.271,-1.511,-1.140,-95.520,126.892,330.139
-1.331,-1.168,-1.105,-66.162,73.486,264.771
-1.276,-1.073,-0.932,-44.006,9.216,177.551
-1.219,-1.087,-0.597,-30.579,-47.913,96.069
-1.152,-1.083,-0.248,-21.179,-83.374,37.964
-1.096,-1.093,0.041,-14.099,-86.426,10.010
-1.071,-0.981,0.268,-6.592,-65.063,4.883
-0.994,-0.779,0.386,3.479,-34.668,10.864
-0.934,-0.545,0.395,15.747,-4.883,18.616
-0.899,-0.304,0.361,31.677,18.555,18.616
-0.813,-0.098,0.343,53.284,29.602,6.714
-0.687,-0.033,0.471,75.989,22.278,-19.104
-0.471,-0.002,0.864,90.027,2.502,-51.147
-0.283,0.051,1.346,90.820,-10.193,-75.806
-0.067,0.039,1.636,83.191,-0.244,-81.299
0.138,0.004,1.723,74.951,29.297,-72.998
0.303,0.052,1.685,67.749,40.100,-67.322
0.476,0.075,1.627,66.101,28.381,-48.218
0.568,0.023,1.712,69.763,15.564,-35.889
0.710,0.021,1.886,81.360,15.076,-21.912
0.736,-0.002,1.992,91.003,15.503,3.418
0.653,-0.046,2.068,89.050,13.123,31.738
0.486,-0.046,2.095,72.571,8.789,56.213
0.289,-0.026,2.055,43.762,5.127,73.669
0.042,-0.016,1.942,12.085,2.502,83.740
-0.194,0.014,1.817,-14.404,-0.793,87.097
-0.408,0.050,1.669,-33.386,-2.991,80.139
-0.521,0.068,1.489,-47.058,0.427,58.655
-0.546,0.010,1.273,-54.260,6.287,23.132
-0.480,-0.155,1.024,-57.434,9.827,-19.287
-0.355,-0.390,0.823,-53.772,9.583,-62.805
-0.171,-0.648,0.694,-42.664,10.498,-97.290
0.080,-0.937,0.626,-30.457,13.245,-114.136
0.210,-1.142,0.522,-25.513,10.559,-111.572
0.349,-1.299,0.538,-27.588,7.935,-92.834
0.365,-1.293,0.459,-31.372,12.085,-60.242
0.348,-1.247,0.359,-29.846,16.541,-19.104
0.246,-1.165,0.299,-24.536,18.677,16.235
0.103,-1.047,0.304,-17.395,17.090,40.283
-0.002,-0.909,0.307,-13.550,18.311,51.575
-0.080,-0.772,0.324,-11.292,16.418,51.270
-0.130,-0.679,0.378,-7.141,10.925,42.419
-0.160,-0.635,0.435,-2.258,5.981,29.846
-0.157,-0.612,0.526,2.136,1.709,17.822
-0.159,-0.582,0.622,7.080,0.549,10.559
-0.165,-0.568,0.668,11.536,2.747,10.376
-0.198,-0.603,0.666,13.245,3.479,15.686
-0.223,-0.631,0.706,12.573,-0.366,19.653
-0.222,-0.647,0.755,11.780,-1.770,20.325
-0.208,-0.670,0.760,8.789,0.610,19.348
-0.197,-0.706,0.738,3.967,1.587,16.602
-0.190,-0.705,0.755,-1.343,0.000,10.498
-0.189,-0.715,0.769,-3.967,0.183,3.235
-0.165,-0.731,0.756,-4.150,3.723,-2.686
-0.125,-0.737,0.770,-2.625,5.798,-6.287
-0.091,-0.728,0.784,-0.793,6.592,-7.202
-0.071,-0.719,0.757,0.610,9.277,-5.737
-0.033,-0.714,0.724,-0.305,10.315,-5.127
-0.016,-0.727,0.707,-2.258,8.057,-6.409
0.011,-0.754,0.673,-2.747,7.141,-7.507
0.037,-0.788,0.652,-2.563,5.981,-7.446
0.036,-0.794,0.650,-1.221,5.371,-6.775
0.030,-0.796,0.647,0.549,6.348,-5.737
0.034,-0.795,0.650,1.648,5.859,-3.845
0.038,-0.788,0.665,2.686,3.784,-2.197
0.031,-0.779,0.667,2.441,1.160,0.916
0.017,-0.771,0.676,1.648,-2.197,4.883
0.003,-0.759,0.702,1.770,-4.578,8.728
-0.011,-0.751,0.730,2.808,-5.676,12.756
-0.052,-0.756,0.728,2.319,-6.104,16.602
-0.080,-0.742,0.715,-1.160,-5.432,16.968
-0.089,-0.714,0.713,-4.578,-4.395,12.634
-0.093,-0.691,0.710,-7.263,-4.028,7.446
-0.096,-0.674,0.705,-8.240,-3.784,3.479
-0.096,-0.665,0.707,-7.690,-3.113,1.648
-0.091,-0.665,0.709,-5.554,-2.563,2.441
-0.098,-0.692,0.701,-3.540,-2.441,5.188
-0.101,-0.714,0.712,-3.052,-2.808,8.118
-0.095,-0.724,0.714,-3.967,-1.343,9.216
-0.074,-0.718,0.682,-6.165,2.380,8.484
-0.049,-0.702,0.642,-8.423,5.554,5.554
-0.047,-0.697,0.591,-8.972,6.042,1.892
-0.038,-0.708,0.557,-6.226,5.920,-2.075
-0.023,-0.748,0.551,-1.282,5.554,-5.066
0.004,-0.782,0.569,1.831,4.456,-8.057
0.011,-0.810,0.589,2.991,3.235,-9.766
0.017,-0.832,0.577,3.296,3.357,-9.094
0.041,-0.845,0.556,4.517,3.845,-6.836
0.068,-0.860,0.559,7.202,1.953,-3.479
0.071,-0.869,0.579,10.071,-1.343,1.404
0.074,-0.868,0.603,12.817,-3.296,6.897
0.058,-0.857,0.632,15.076,-4.700,11.658
0.026,-0.846,0.656,15.503,-6.531,14.587
-0.001,-0.831,0.687,13.733,-8.484,14.404
-0.021,-0.817,0.721,10.437,-10.986,11.353
0.456,0.768,2.328,60.425,-20.752,106.628
0.394,1.098,2.913,83.252,-13.123,155.029
-0.008,1.278,3.300,86.914,-0.977,220.703
-0.648,1.299,3.303,36.377,9.827,282.532
-1.376,1.293,2.887,-77.148,9.338,304.993
-1.816,1.320,2.161,-233.459,-7.629,261.353
-1.951,1.325,1.276,-373.596,-40.588,156.494
-1.845,1.289,0.356,-447.205,-75.317,23.682
-1.578,1.041,-0.398,-425.293,-112.976,-111.084
-1.313,0.563,-0.915,-318.237,-161.499,-221.741
-1.207,-0.382,-1.093,-150.085,-201.782,-285.889
-1.089,-1.471,-0.823,38.574,-208.801,-297.424
-0.951,-2.532,-0.543,189.636,-174.133,-275.085
-0.715,-3.247,-0.457,261.414,-108.887,-259.521
-0.601,-3.790,-0.369,279.236,-46.387,-274.109
-0.284,-4.000,-0.443,272.827,-9.766,-309.692
0.105,-4.000,-0.427,231.873,-8.545,-329.712
0.346,-4.000,-0.310,180.603,-37.109,-331.177
0.880,-4.000,-0.227,154.236,-42.603,-300.903
1.456,-4.000,0.052,138.611,-11.963,-200.134
1.461,-4.000,0.164,100.281,32.654,-45.837
1.034,-4.000,-0.095,40.100,89.417,112.427
0.437,-3.791,-0.528,-9.399,133.789,231.750
-0.158,-2.896,-0.885,-43.579,142.151,296.814
-0.611,-2.211,-1.149,-68.237,115.479,300.659
-0.859,-1.689,-1.249,-79.346,66.956,252.991
-0.926,-1.348,-1.134,-70.313,14.771,179.321
-0.850,-1.162,-0.901,-49.744,-23.682,107.849
-0.770,-1.022,-0.635,-33.081,-44.556,59.631
-0.737,-0.892,-0.418,-22.949,-48.218,35.095
-0.698,-0.830,-0.255,-16.785,-44.373,28.381
-0.719,-0.693,-0.028,-13.916,-45.776,35.278
-0.807,-0.520,0.235,-9.827,-46.509,46.021
-0.837,-0.307,0.522,-3.662,-43.701,54.932
-0.814,-0.113,0.751,3.479,-34.546,62.561
-0.756,0.067,0.913,10.498,-19.836,67.322
-0.692,0.285,1.114,18.555,-9.277,66.223
-0.593,0.483,1.275,28.870,1.160,52.734
-0.497,0.560,1.404,38.513,8.484,30.701
-0.427,0.510,1.573,51.880,9.399,6.226
-0.380,0.380,1.750,70.129,12.085,-14.038
-0.267,0.164,1.850,86.487,22.827,-26.733
-0.044,-0.011,1.958,90.820,33.569,-31.860
0.096,-0.164,2.102,79.895,24.841,-28.259
0.203,-0.249,2.229,53.162,11.230,-12.573
0.213,-0.245,2.258,17.151,8.728,11.292
0.146,-0.198,2.140,-18.921,17.456,40.222
0.019,-0.112,1.901,-49.805,29.114,66.406
-0.134,-0.006,1.580,-72.449,35.461,80.627
-0.283,0.134,1.296,-83.679,34.180,78.308
-0.354,0.249,1.077,-79.224,32.837,58.533
-0.341,0.251,0.934,-61.401,32.471,23.926
-0.258,0.116,0.821,-38.269,30.518,-20.081
-0.101,-0.142,0.721,-22.400,24.170,-63.110
0.108,-0.492,0.639,-17.822,12.878,-95.520
0.300,-0.779,0.664,-22.644,-3.601,-110.291
0.398,-1.002,0.667,-29.236,-13.672,-102.356
0.423,-1.151,0.598,-32.410,-9.033,-73.853
0.428,-1.188,0.527,-28.259,2.747,-37.476
0.329,-1.136,0.477,-20.935,11.230,-4.578
0.237,-1.038,0.453,-15.564,18.311,19.287
0.152,-0.925,0.411,-13.367,20.264,30.273
0.090,-0.834,0.392,-11.658,17.090,29.724
0.062,-0.748,0.411,-7.751,12.512,20.752
0.062,-0.707,0.441,-1.587,8.484,9.583
0.068,-0.706,0.503,3.845,3.784,1.526
0.068,-0.721,0.611,7.568,-0.916,-1.099
0.044,-0.732,0.711,7.935,-2.991,2.258
0.007,-0.722,0.776,4.211,-1.770,9.827
-0.048,-0.715,0.818,-0.793,-0.244,18.250
-0.105,-0.697,0.841,-5.371,1.587,25.146
-0.163,-0.667,0.835,-9.155,4.211,29.236
-0.222,-0.634,0.786,-11.292,7.385,29.236
-0.235,-0.596,0.733,-12.085,8.972,22.095
-0.205,-0.583,0.715,-10.071,8.057,8.423
-0.152,-0.611,0.739,-5.615,5.737,-5.554
-0.091,-0.677,0.774,-2.380,3.845,-15.381
-0.030,-0.734,0.803,-3.052,3.174,-19.714
0.021,-0.762,0.816,-7.324,3.113,-18.066
0.043,-0.763,0.802,-12.695,3.418,-10.681
0.031,-0.752,0.749,-16.602,4.395,-1.282
0.009,-0.711,0.691,-17.517,5.920,6.775
0.006,-0.660,0.657,-14.587,6.714,11.353
0.003,-0.622,0.644,-9.460,5.310,12.024
0.004,-0.598,0.634,-4.333,4.150,9.155
0.022,-0.591,0.638,0.061,2.808,3.052
0.042,-0.592,0.654,3.601,0.305,-2.686
0.055,-0.599,0.670,6.348,-1.221,-6.226
0.074,-0.621,0.673,6.897,-1.648,-8.118
0.094,-0.662,0.679,4.944,-4.211,-7.874
0.076,-0.703,0.699,2.258,-8.667,-5.615
0.061,-0.733,0.705,1.892,-9.583,-1.831
0.039,-0.746,0.704,3.906,-7.751,3.662
0.023,-0.735,0.718,6.409,-5.432,8.179
-0.009,-0.726,0.745,8.362,-5.249,11.292
-0.030,-0.720,0.761,9.460,-5.127,12.085
-0.047,-0.714,0.789,10.193,-3.662,10.803
-0.064,-0.717,0.801,8.850,-1.648,8.423
-0.058,-0.727,0.803,5.920,0.000,4.761
-0.044,-0.743,0.805,1.709,0.366,1.282
-0.027,-0.757,0.801,-3.723,0.488,-0.916
-0.016,-0.756,0.778,-8.118,1.343,-1.221
-0.011,-0.750,0.742,-10.315,2.258,0.061
-0.001,-0.741,0.711,-10.071,1.953,1.404
0.014,-0.720,0.687,-7.446,1.404,0.305
0.024,-0.714,0.669,-3.784,0.366,-0.977
0.042,-0.706,0.681,-0.366,-1.709,-2.869
0.067,-0.687,0.712,3.052,-3.479,-5.066
0.105,-0.670,0.748,4.944,-4.639,-6.958
0.154,-0.651,0.788,3.357,-7.568,-7.019
0.178,-0.614,0.833,-0.183,-11.475,-4.333
0.201,-0.541,0.881,-2.808,-13.672,2.686
0.224,-0.441,0.924,-3.906,-13.672,12.817
0.249,-0.306,0.981,-4.333,-12.939,22.461
0.274,-0.126,1.060,-3.784,-12.573,30.762
0.281,0.052,1.114,-2.502,-12.085,36.377
0.302,0.214,1.162,-3.113,-12.146,34.119
0.322,0.391,1.292,-5.249,-17.822,25.452
0.338,0.588,1.464,-7.141,-25.940,18.860
0.236,0.864,1.785,-6.592,-34.790,19.409
0.135,0.943,1.950,-2.563,-34.729,24.170
0.043,1.031,2.143,1.648,-30.640,30.334
-0.099,1.075,2.326,-0.488,-22.949,38.269
-0.251,1.091,2.446,-12.939,-10.010,43.396
-0.401,1.043,2.357,-42.114,6.104,43.335
-0.546,0.896,2.077,-89.722,14.343,34.790
-0.656,0.704,1.746,-146.179,6.714,16.052
-0.742,0.477,1.403,-200.745,-10.498,-3.174
-0.875,0.183,0.960,-244.446,-27.527,-12.756
-1.040,-0.086,0.483,-261.963,-34.729,-15.869
-1.178,-0.286,0.110,-233.521,-23.682,-17.761
-1.252,-0.496,-0.162,-166.199,-3.967,-22.400
-1.348,-0.850,-0.330,-87.219,9.399,-42.114
-1.361,-1.413,-0.456,-22.583,9.949,-88.013
-1.235,-2.104,-0.531,17.944,-15.015,-151.306
-0.973,-2.891,-0.512,37.354,-61.096,-212.585
-0.610,-3.579,-0.266,48.035,-109.802,-256.409
-0.235,-4.000,0.202,70.007,-140.259,-274.658
0.343,-4.000,0.635,109.863,-120.361,-273.376
1.064,-4.000,0.746,147.278,-50.537,-239.563
1.686,-4.000,0.694,159.546,35.278,-160.889
2.000,-4.000,0.458,123.535,103.821,-52.917
1.774,-4.000,0.016,47.546,137.329,67.017
1.126,-3.607,-0.446,-20.935,139.709,179.260
0.409,-2.701,-0.801,-55.603,121.948,254.333
-0.138,-2.071,-0.918,-59.021,79.651,275.391
-0.500,-1.667,-0.839,-43.518,17.273,245.361
-0.709,-1.389,-0.613,-23.560,-38.086,188.660
-0.804,-1.233,-0.285,-3.052,-80.200,139.771
-0.907,-1.132,0.085,13.611,-103.699,107.605
-0.956,-1.008,0.427,21.240,-103.149,84.412
-0.900,-0.914,0.611,19.409,-85.205,69.885
-0.755,-0.859,0.697,13.062,-64.331,71.106
-0.741,-0.683,0.891,7.751,-52.734,87.219
-0.808,-0.433,1.118,3.967,-45.044,106.079
-0.815,-0.173,1.241,-0.793,-29.053,115.479
-0.804,0.029,1.290,-4.883,-11.230,114.258
-0.834,0.149,1.369,-6.348,-4.578,104.309
-0.812,0.239,1.452,-7.874,-2.136,85.144
-0.766,0.344,1.521,-9.033,3.357,59.204
-0.705,0.428,1.571,-8.423,8.606,35.156
-0.630,0.462,1.650,-3.662,15.930,16.418
-0.599,0.420,1.690,0.061,21.240,2.991
-0.510,0.375,1.674,-2.258,37.537,-6.714
-0.353,0.360,1.549,-8.423,56.763,-11.353
-0.252,0.353,1.394,-15.747,68.970,-9.888
-0.171,0.361,1.271,-18.860,74.707,-9.888
-0.093,0.359,1.171,-18.433,76.050,-14.282
-0.016,0.334,1.089,-17.822,72.144,-22.095
0.044,0.292,1.019,-18.860,64.941,-32.593
0.100,0.202,0.945,-21.973,53.772,-45.166
0.155,0.077,0.875,-26.855,39.307,-58.838
0.202,-0.052,0.841,-29.663,23.254,-71.228
0.254,-0.194,0.830,-26.367,10.864,-78.430
0.294,-0.340,0.813,-19.470,3.601,-78.369
0.335,-0.508,0.781,-12.329,-0.305,-73.059
0.386,-0.670,0.785,-7.080,-3.906,-66.406
0.403,-0.787,0.829,-6.104,-7.629,-59.937
0.392,-0.868,0.844,-9.766,-8.240,-51.819
0.395,-0.945,0.807,-14.526,-4.883,-42.358
0.392,-0.991,0.795,-17.761,-1.953,-32.593
0.365,-0.995,0.797,-19.287,-0.610,-21.973
0.313,-0.964,0.782,-21.118,1.404,-9.949
0.265,-0.886,0.752,-21.729,4.761,0.427
0.217,-0.781,0.736,-18.738,9.033,9.460
0.160,-0.665,0.728,-14.587,11.841,17.761
0.091,-0.554,0.726,-11.658,13.550,23.926
0.022,-0.473,0.716,-9.644,15.198,26.123
-0.029,-0.407,0.699,-6.775,16.846,22.827
-0.082,-0.398,0.710,-4.150,14.893,15.137
-0.093,-0.412,0.755,-2.869,9.766,3.357
-0.067,-0.456,0.775,-5.981,5.981,-8.240
-0.007,-0.490,0.788,-12.085,2.014,-15.137
0.012,-0.501,0.807,-16.602,-2.380,-14.404
0.018,-0.490,0.819,-15.930,-2.563,-7.996
-0.000,-0.453,0.825,-10.376,1.038,1.526
-0.046,-0.418,0.844,-1.831,5.493,9.766
-0.059,-0.385,0.872,6.042,11.963,12.512
-0.031,-0.351,0.888,9.583,18.555,10.620
-0.004,-0.330,0.884,8.728,20.508,8.240
0.019,-0.321,0.893,6.348,18.372,6.165
0.046,-0.336,0.906,5.066,15.503,5.066
0.082,-0.357,0.910,4.272,14.160,5.432
0.110,-0.393,0.905,3.113,12.756,8.362
0.129,-0.414,0.915,1.282,9.216,10.986
0.126,-0.406,0.929,-1.038,6.897,12.878
0.112,-0.392,0.929,-3.845,6.226,13.550
0.121,-0.358,0.906,-6.714,7.019,12.024
0.125,-0.331,0.880,-8.606,7.690,9.521
0.117,-0.315,0.858,-7.812,5.981,7.385
0.112,-0.323,0.846,-3.784,4.822,4.944
0.131,-0.339,0.868,2.075,4.395,1.282
0.143,-0.364,0.880,6.958,4.578,-1.526
0.143,-0.412,0.863,9.766,5.188,-2.380
0.182,-0.460,0.851,11.108,4.211,-3.784
0.208,-0.491,0.860,10.010,1.465,-4.822
0.203,-0.522,0.862,7.202,-1.648,-2.930
0.212,-0.545,0.863,4.395,-3.052,0.549
0.206,-0.541,0.897,2.625,-3.601,4.578
0.172,-0.517,0.924,1.099,-2.808,10.315
0.135,-0.487,0.933,-0.366,-0.122,16.357
0.087,-0.455,0.935,-0.549,1.465,20.386
0.057,-0.413,0.931,-0.122,2.136,20.325
0.046,-0.381,0.922,1.404,2.197,16.907
0.034,-0.375,0.912,3.784,1.709,12.878
0.028,-0.396,0.918,6.653,1.709,8.057
0.052,-0.417,0.927,6.592,1.709,1.465
0.089,-0.435,0.914,2.869,2.380,-4.700
0.111,-0.446,0.891,-1.343,2.563,-6.897
0.116,-0.463,0.867,-2.747,1.709,-4.517
0.111,-0.474,0.860,-1.343,1.404,-0.061
0.093,-0.462,0.861,0.610,2.136,5.005
0.070,-0.451,0.836,1.770,4.578,9.094
0.063,-0.447,0.815,2.869,4.944,9.460
0.057,-0.451,0.811,3.052,2.930,5.981
0.060,-0.464,0.807,2.136,-0.671,0.244
0.089,-0.488,0.793,0.854,-2.625,-6.348
0.117,-0.509,0.776,1.343,-2.319,-10.986
-0.096,0.955,1.986,-27.893,19.653,136.841
-0.212,1.103,2.005,-49.194,27.588,153.076
-0.362,1.254,1.940,-82.581,26.794,164.185
-0.544,1.396,1.806,-126.099,12.817,168.152
-0.763,1.480,1.628,-174.683,-14.893,161.804
-1.041,1.516,1.399,-220.459,-49.072,147.034
-1.297,1.527,1.109,-254.639,-76.904,124.023
-1.502,1.542,0.785,-266.418,-96.130,91.431
-1.636,1.589,0.523,-242.981,-101.135,45.227
-1.786,1.591,0.368,-178.101,-87.891,-21.057
-1.848,1.382,0.224,-81.909,-61.096,-112.549
-1.733,0.615,-0.070,22.278,-30.579,-221.741
-1.500,-0.632,-0.353,119.690,-7.751,-324.158
-1.070,-2.198,-0.533,204.956,-0.061,-389.648
-0.396,-3.828,-0.676,255.920,-13.977,-393.005
0.044,-4.000,-0.289,260.254,-48.706,-326.355
0.187,-4.000,0.257,216.248,-82.520,-243.896
0.458,-4.000,0.663,141.479,-95.764,-202.881
1.098,-4.000,0.877,89.478,-81.238,-207.886
1.802,-4.000,1.083,76.904,-45.349,-218.384
2.355,-4.000,1.170,75.439,4.822,-174.255
2.519,-4.000,0.953,51.880,74.280,-70.862
2.181,-4.000,0.484,11.597,130.249,54.993
1.546,-3.715,0.057,-25.085,145.874,161.377
0.958,-2.993,-0.245,-56.824,125.183,226.196
0.483,-2.542,-0.386,-77.026,69.702,243.042
0.153,-2.293,-0.354,-78.247,5.371,219.666
-0.103,-2.143,-0.183,-59.631,-36.804,184.265
-0.307,-1.995,0.010,-32.166,-51.697,156.311
-0.491,-1.798,0.159,-10.071,-43.762,135.742
-0.623,-1.558,0.226,8.240,-25.146,119.568
-0.682,-1.348,0.241,24.536,-6.348,104.248
-0.656,-1.123,0.281,32.837,-1.404,91.125
-0.653,-0.850,0.392,23.010,-19.592,80.872
-0.738,-0.567,0.590,1.831,-53.101,69.885
-0.807,-0.309,0.824,-17.273,-76.843,55.359
-0.852,-0.072,1.040,-24.231,-76.843,39.917
-0.732,0.178,1.176,-17.273,-50.964,26.123
-0.619,0.390,1.229,-2.808,-25.085,17.639
-0.525,0.492,1.306,19.470,-3.235,14.526
-0.421,0.626,1.402,46.692,20.386,7.996
-0.318,0.754,1.479,69.641,45.532,-2.930
-0.216,0.840,1.504,82.275,72.327,-17.700
-0.074,0.904,1.477,89.050,92.285,-34.790
0.120,0.915,1.556,92.590,101.501,-47.485
0.219,0.900,1.640,91.431,93.872,-53.467
0.308,0.811,1.678,83.984,81.238,-47.729
0.342,0.720,1.761,71.411,64.697,-33.081
0.280,0.677,1.876,53.467,51.270,-11.963
0.151,0.651,1.871,25.635,48.157,11.475
0.052,0.659,1.739,-8.057,48.279,29.602
-0.039,0.709,1.575,-39.856,42.114,35.095
-0.144,0.755,1.401,-65.247,27.832,25.940
-0.195,0.750,1.205,-81.116,11.719,2.258
-0.151,0.635,1.033,-81.787,0.244,-32.043
-0.005,0.391,0.906,-67.627,-5.127,-68.542
0.183,0.080,0.817,-46.936,-8.240,-94.116
0.360,-0.216,0.724,-30.273,-9.338,-101.563
0.510,-0.455,0.642,-19.531,-8.728,-93.689
0.594,-0.616,0.591,-13.855,-10.376,-74.463
0.588,-0.720,0.599,-12.390,-15.259,-49.988
0.505,-0.778,0.693,-11.841,-22.034,-27.222
0.444,-0.808,0.763,-12.207,-21.851,-11.963
0.414,-0.806,0.777,-14.282,-15.503,-3.845
0.385,-0.779,0.771,-13.794,-9.521,0.793
0.358,-0.736,0.788,-8.057,-5.310,4.333
0.308,-0.691,0.820,0.854,-1.892,8.789
0.257,-0.673,0.859,8.179,1.282,13.916
0.217,-0.657,0.898,10.315,4.089,17.395
0.191,-0.645,0.916,5.615,5.615,20.386
0.158,-0.601,0.942,-4.395,4.089,24.597
0.099,-0.542,0.953,-14.648,2.258,30.273
0.041,-0.472,0.956,-20.508,3.540,35.706
-0.010,-0.390,0.927,-22.156,8.179,39.185
-0.033,-0.291,0.868,-20.264,14.282,37.720
-0.038,-0.223,0.817,-15.442,16.235,30.151
-0.019,-0.207,0.803,-9.460,12.207,16.907
0.020,-0.233,0.820,-5.737,6.409,0.549
0.061,-0.278,0.833,-4.822,2.075,-12.817
0.102,-0.337,0.840,-5.432,-0.549,-20.203
0.141,-0.385,0.847,-4.517,-1.770,-20.447
0.162,-0.422,0.848,-2.808,-0.671,-15.259
0.171,-0.437,0.850,-1.160,1.892,-8.850
0.177,-0.451,0.849,-0.427,4.211,-4.578
0.192,-0.456,0.847,-1.770,4.456,-3.052
0.202,-0.432,0.846,-4.028,3.052,-3.052
0.195,-0.413,0.842,-4.822,1.221,-3.723
0.206,-0.400,0.836,-1.892,1.099,-4.944
0.226,-0.396,0.836,3.662,2.808,-6.531
0.233,-0.410,0.850,9.827,4.211,-7.690
0.255,-0.427,0.863,13.000,5.188,-8.850
0.289,-0.449,0.854,11.475,5.127,-9.216
0.303,-0.463,0.855,7.202,2.380,-7.202
0.291,-0.462,0.863,3.418,-0.793,-2.441
0.273,-0.450,0.866,2.319,-1.465,3.540
0.255,-0.419,0.869,4.578,-0.183,8.667
0.241,-0.406,0.870,7.568,0.793,11.047
0.247,-0.400,0.878,9.827,-0.122,9.949
0.252,-0.405,0.873,10.193,-2.075,7.385
0.254,-0.421,0.875,9.399,-5.066,4.395
0.264,-0.440,0.881,9.277,-6.897,1.526
0.272,-0.465,0.885,9.949,-7.751,1.465
0.282,-0.480,0.906,10.498,-8.667,4.089
0.279,-0.478,0.927,9.521,-8.850,9.033
0.257,-0.453,0.935,7.019,-8.789,15.564
0.230,-0.426,0.933,4.517,-9.033,20.691
0.216,-0.396,0.925,1.831,-9.644,21.912
0.216,-0.360,0.913,0.549,-10.620,19.836
0.222,-0.336,0.922,0.916,-12.695,16.479
0.228,-0.323,0.945,2.625,-15.076,13.733
0.234,-0.308,0.957,3.296,-15.869,12.512
0.237,-0.278,0.963,2.808,-15.381,12.878
0.238,-0.233,0.969,1.953,-15.442,14.221
0.244,-0.181,0.971,0.671,-15.991,14.954
0.239,-0.130,0.974,-1.160,-17.151,15.442
0.229,-0.073,0.985,-2.563,-18.311,15.198
0.219,-0.006,1.015,-1.831,-19.836,13.916
0.207,0.064,1.068,0.183,-21.851,12.085
0.187,0.136,1.122,2.136,-23.682,10.071
-0.172,1.292,1.627,-54.199,-36.926,115.967
-0.457,1.378,1.615,-85.327,-41.748,157.043
-0.831,1.434,1.524,-129.578,-56.824,197.693
-1.210,1.481,1.313,-181.885,-80.872,220.459
-1.434,1.566,1.014,-230.957,-111.023,205.261
-1.556,1.745,0.760,-259.155,-151.611,152.771
-1.674,1.915,0.650,-238.770,-186.035,70.129
-1.879,1.928,0.698,-155.579,-189.270,-40.100
-2.027,1.454,0.683,-32.410,-157.837,-172.119
-1.894,0.168,0.469,92.163,-107.300,-315.002
-1.417,-1.906,0.282,200.928,-60.242,-428.406
-0.541,-4.000,0.492,277.710,-33.875,-456.726
0.351,-4.000,1.162,279.419,-33.386,-380.066
1.005,-4.000,1.556,175.659,-28.992,-263.428
1.190,-4.000,1.671,30.823,-12.817,-180.359
1.434,-4.000,1.507,-56.519,-3.845,-137.512
1.757,-4.000,1.491,-51.758,34.546,-124.390
2.147,-4.000,1.234,-20.630,123.047,-96.619
2.263,-4.000,0.550,-24.841,223.572,-16.418
1.982,-3.800,-0.170,-44.006,281.067,95.337
1.526,-2.954,-0.650,-58.594,272.888,179.138
1.101,-2.236,-0.914,-72.388,210.632,213.684
0.715,-1.796,-0.961,-74.036,117.859,211.853
0.287,-1.571,-0.774,-57.495,23.376,187.317
-0.103,-1.413,-0.435,-30.212,-48.218,154.480
-0.430,-1.288,-0.083,-2.441,-84.290,121.399
-0.615,-1.260,0.155,20.813,-86.548,91.553
-0.685,-1.253,0.332,38.513,-72.632,70.801
-0.740,-1.151,0.495,49.927,-58.167,61.340
-0.780,-0.962,0.646,52.368,-49.316,59.570
-0.853,-0.773,0.797,51.086,-44.678,58.228
-0.887,-0.604,0.931,52.979,-38.635,52.185
-0.912,-0.449,1.057,57.068,-28.870,41.199
-0.891,-0.307,1.147,57.434,-19.714,26.367
-0.869,-0.194,1.211,57.556,-9.399,9.338
-0.835,-0.090,1.296,63.354,3.052,-7.202
-0.772,0.022,1.380,71.777,19.165,-23.499
-0.618,0.106,1.403,78.308,39.001,-36.255
-0.493,0.172,1.434,82.520,53.955,-45.166
-0.417,0.226,1.451,87.158,54.688,-46.082
-0.286,0.286,1.497,92.102,68.787,-42.480
-0.121,0.396,1.482,97.534,86.243,-39.978
0.027,0.514,1.428,100.769,100.403,-38.208
0.145,0.550,1.365,99.609,105.896,-38.086
0.256,0.532,1.358,96.436,100.220,-44.189
0.355,0.479,1.379,90.942,89.844,-51.636
0.431,0.389,1.393,83.191,79.773,-52.429
0.523,0.339,1.384,74.341,73.425,-44.739
0.598,0.288,1.299,58.411,68.909,-30.640
0.647,0.225,1.227,37.964,56.702,-12.817
0.620,0.195,1.232,19.165,37.476,7.202
0.522,0.198,1.224,1.282,22.400,28.625
0.383,0.244,1.196,-14.648,13.000,43.274
0.250,0.310,1.157,-26.489,7.080,44.861
0.184,0.344,1.083,-34.546,2.441,31.250
0.189,0.318,0.991,-39.673,-3.967,5.615
0.221,0.210,0.921,-41.138,-13.733,-22.583
0.261,0.050,0.900,-36.621,-22.339,-45.349
0.301,-0.119,0.891,-27.893,-24.475,-57.068
0.344,-0.276,0.869,-18.616,-19.348,-57.922
0.374,-0.403,0.840,-12.268,-13.733,-52.490
0.411,-0.507,0.796,-10.986,-10.193,-45.410
0.443,-0.595,0.787,-13.367,-10.498,-34.546
0.407,-0.647,0.812,-16.357,-14.160,-22.217
0.365,-0.670,0.810,-18.311,-13.245,-10.132
0.332,-0.662,0.779,-18.005,-8.057,-1.343
0.313,-0.630,0.761,-14.038,-2.747,3.174
0.297,-0.600,0.755,-8.911,0.000,4.944
0.277,-0.570,0.754,-5.127,0.366,6.104
0.241,-0.558,0.766,-3.052,-0.793,7.263
0.214,-0.563,0.803,-1.282,-2.014,8.057
0.208,-0.555,0.857,-0.977,-1.343,9.277
0.175,-0.529,0.889,-2.869,-0.366,12.512
0.138,-0.493,0.893,-5.676,1.099,17.456
0.107,-0.449,0.878,-7.568,2.502,21.729
0.082,-0.402,0.874,-7.324,3.418,23.621
0.059,-0.350,0.868,-6.104,4.089,21.851
0.050,-0.311,0.849,-4.761,4.089,16.663
0.048,-0.306,0.841,-2.686,2.747,8.484
0.066,-0.328,0.876,-0.183,-0.732,-1.648
0.106,-0.363,0.885,-0.366,-2.197,-11.108
0.158,-0.412,0.866,-1.465,-1.404,-17.944
0.211,-0.462,0.863,-0.732,-1.831,-19.775
0.236,-0.500,0.879,1.099,-2.136,-16.968
0.241,-0.518,0.876,2.136,-0.122,-10.864
0.266,-0.514,0.846,1.526,4.028,-5.432
0.273,-0.507,0.828,0.366,4.639,-2.014
0.263,-0.497,0.822,-0.916,1.953,-0.244
0.261,-0.488,0.813,-2.258,-0.427,-1.099
0.266,-0.480,0.810,-2.075,-2.991,-3.296
0.273,-0.477,0.823,-0.183,-5.493,-4.944
0.263,-0.480,0.840,1.343,-7.263,-5.127
0.261,-0.479,0.851,2.075,-6.592,-4.944
0.255,-0.476,0.855,1.587,-4.944,-3.540
0.238,-0.484,0.867,0.916,-4.700,-1.770
